Lebensmittel;Einheit;kcal;PRO;FAT;KH;FIB;GI;Standard;LiquidMl;Kategorie;Zusatzinfo;vitA;vitB1;vitB2;vitB3;vitB5;vitB6;vitB7;vitB9;vitB12;vitC;vitD;vitE;vitK;calcium;chlorid;eisen;fluorid;kalium;kupfer;magnesium;mangan;natrium;phosphor;schwefel;zink;VGN;VGT;LC;HP;KET;GF;LF;ZF
"Ananas";100g;50;0.5;0.1;12.4;1.4;59;150;;Obst;"Enthält Bromelain";7;0.08;0.03;0.2;0.16;0.08;0.1;11;;47;;0.1;0.7;13;20;0.3;0.01;180;0.11;12;0.93;1;8;5;0.12;J;J;N;N;N;J;J;N
"Apfel";100g;52;0.3;0.2;11.4;2.4;35;150;;Obst;"Durchschnittswerte für einen rohen Apfel mit Schale";6;0.02;0.03;0.1;0.1;0.05;1;8;;12;;0.5;2.2;6;2;0.2;0.01;107;0.05;5;0.05;1;12;5;0.1;J;J;N;N;N;J;J;N
"Apfelsaft";100ml;46;0.1;0.1;11;0.2;40;200;100;Getränke;"Direktsaft, naturtrüb";;1;0.02;0.01;0.1;0.05;0.04;0.5;2;;2;;0.02;0.1;7;2;0.2;0.01;120;0.02;5;0.05;2;12;5;J;J;N;N;N;J;J;N
"Apfelschorle";100ml;27;0.1;0.1;6.2;0.1;40;250;100;Getränke;"Mischverhältnis ca. 50% Apfelsaft und 50% Mineralwasser";1;0.01;0.01;0.1;0.03;0.02;0.1;1;;1;;0.05;0.3;4;2;0.1;0.01;67;0.01;3;0.05;2;5;2;0.02;J;J;N;N;N;J;J;N
"Appenzeller 50 %";100g;394;25.4;32.1;0.1;0;;30;;Käse;"Hartkäse aus der Schweiz, laktosefrei durch lange Reifung.";320;0.04;0.4;0.1;0.4;0.08;;25;2.1;;1.1;0.8;3;730;1200;0.2;;90;0.03;28;0.02;780;530;;4.1;N;J;J;J;J;J;J;J
"Aprikose";100g;43;0.9;0.1;8.6;1.5;35;150;;Obst;"Reich an Vitamin A";285;0.03;0.03;0.6;0.2;0.05;1;5;;9;;0.9;4;16;1;0.4;0.01;280;0.08;9;0.04;2;22;14;0.1;J;J;N;N;N;J;J;N
"Aubergine";100g;25;1.2;0.2;3;2.8;15;200;;Gemüse;"Frisch, roh gegart ähnlich";2;0.04;0.03;0.6;0.3;0.08;0.1;18;;5;;0.1;3.5;13;45;0.4;0.01;224;0.06;12;0.2;3;21;14;0.2;J;J;J;N;N;J;J;J
"Austernpilze";100g;11;2.5;0.2;1;2.3;15;150;;Gemüse;"Auch Kalbfleischpilz genannt, reich an Vitaminen der B-Gruppe.";;0.13;0.2;4.8;0.5;0.1;10;30;;2;0.7;0.1;1;3;25;0.9;0.01;420;0.1;18;0.1;5;105;30;0.7;J;J;J;N;J;J;J;J
"Avocado";100g;160;2;14.7;8.5;6.7;10;125;;Obst;"Werte variieren je nach Reifegrad und Sorte (z.B. Hass oder Fuerte). Hoher Gehalt an einfach ungesättigten Fettsäuren.";7;0.07;0.13;1.7;1.4;0.26;10;81;;10;;2.1;21;12;10;0.6;0.01;485;0.19;29;0.14;7;52;14;0.6;J;J;N;N;N;J;J;J
"Backpulver";100g;100;0;0;25;0;;15;;Sonstiges;"Werte variieren stark je nach Triebmittel (Weinstein vs. Natriumhydrogencarbonat/Phosphat)";;;;;;;;;;;;;;73;;0.1;;3300;;2;;9400;9300;;0.1;J;J;N;N;N;J;J;J
"Banane";100g;89;1.1;0.3;20.2;2;52;120;;Obst;"Reich an Kalium";8;0.04;0.03;0.7;0.25;0.37;2.6;14;;11;;0.3;1;5;79;0.3;0.01;393;0.1;36;0.15;1;28;13;0.2;J;J;N;N;N;J;J;N
"Beinscheibe (Rind)";100g;165;20.1;9.5;0;0;;250;;Fleisch&Wurst;"Roher Zustand, mit Knochenmarkanteil aber ohne Knochen berechnet. Hoher Bindegewebsanteil.";5;0.08;0.18;4.5;0.5;0.35;3;8;2.2;;0.1;0.2;2;6;45;2.5;0.03;330;0.1;22;0.02;50;180;210;4.5;N;N;J;J;J;J;J;J
"Bergkäse 45 %";100g;395;27.5;32.1;0.1;0;;30;;Käse;"Hartkäse aus Heumilch, lange gereift";280;0.04;0.4;0.1;0.4;0.08;3;25;2.1;;1.1;0.7;3.2;1100;1200;0.5;0.04;110;0.04;45;0.02;650;680;240;4.5;N;J;J;J;J;J;J;J
"Bierschinken";100g;165;15.5;11;1;0;;20;;Fleisch&Wurst;"Werte können je nach Hersteller und Fettanteil leicht variieren. Hoher Natriumgehalt durch Pökelsalz.";10;0.5;0.2;4.5;0.6;0.3;1.5;5;1.2;;0.4;0.2;1;10;1200;1.5;0.04;280;0.1;15;0.02;850;180;180;2.2;N;N;J;J;J;J;J;J
"Bionade Holunder";100ml;23;0.1;0.1;5.2;0.1;35;330;100;Getränke;"Biologisches Erfrischungsgetränk durch Fermentation von Malz gewonnen. Weniger Zucker als herkömmliche Limonaden.";;0.01;0.01;0.1;0.02;0.01;;1;;;;;;2;1;0.02;0.01;5;0.01;2;0.01;1;2;1;0.01;J;J;N;N;N;J;J;N
"Birne";100g;57;0.5;0.3;12.4;2.8;38;150;;Obst;"Frisch, mit Schale";2;0.02;0.03;0.2;0.07;0.03;0.1;7;;5;;0.5;4.4;9;2;0.2;0.01;126;0.08;7;0.03;2;15;5;0.1;J;J;N;N;N;J;J;N
"Bitter Lemon";100ml;52;0;0;12.4;0;65;250;100;Getränke;"Enthält Chinin";;0.01;0.01;0.1;0.01;0.01;;2;;3;;0.01;;2;1;0.02;0.01;5;0.01;1;0.01;5;1;1;0.01;J;J;N;N;N;J;J;N
"Blattspinat";100g;23;2.9;0.3;0.5;2.2;15;200;;Gemüse;"Frischer roher Blattspinat";;789;0.08;0.2;0.6;0.1;0.2;7;194;;30;;2;483;99;60;2.7;0.01;558;0.13;79;0.89;79;49;24;J;J;J;N;J;J;J;J
"Blumenkohl";100g;25;2.4;0.3;2;2.3;15;200;;Gemüse;"Frisch, roh verzehrt oder gegart. Reich an Vitamin C und K.";2;0.09;0.09;0.6;0.6;0.2;1.5;88;;48;;0.1;16;20;45;0.5;0.01;282;0.04;15;0.16;8;50;50;0.3;J;J;J;N;J;J;J;J
"Blutwurst";100g;378;14.6;34.5;1.3;0;;80;;Fleisch&Wurst;"Hoher Eisengehalt";20;0.03;0.12;2.2;0.5;0.1;1.5;4;1.1;;0.4;0.2;1;12;1000;18;0.1;120;0.1;15;0.04;800;120;140;2.5;N;N;J;N;J;J;J;J
"Bockwurst";100g;287;12.5;26.5;0.5;0;;100;;Fleisch&Wurst;"Geräucherte Brühwurst im Naturdarm. Durchschnittswerte, können je nach Hersteller variieren.";20;0.2;0.15;3.5;0.5;0.2;1.5;5;1.1;;0.3;0.2;1;15;1450;1.4;0.04;210;0.1;13;0.02;900;160;140;2.1;N;N;J;N;J;J;J;J
"Bratwurst (Lamm)";100g;286;16.8;24.1;0.5;0;;100;;Fleisch&Wurst;"Werte können je nach Fettanteil und Würzung variieren. Hoher Natriumgehalt durch Pökelsalz/Speisesalz.";2;0.12;0.18;4.8;0.5;0.2;2.5;4;2.1;1;0.4;0.3;4;12;800;1.8;0.04;250;0.1;18;0.03;780;160;190;2.9;N;N;J;J;J;J;J;J
"Bratwurst (Rind)";100g;246;15.8;20.1;0.5;0;;100;;Fleisch&Wurst;"Reich an Eisen";;0.08;0.15;3.8;0.5;0.25;1.5;6;2.1;;0.3;0.2;2.5;12;1250;2.1;0.04;280;0.1;18;0.02;850;160;180;3.2;N;N;J;J;J;J;J;J
"Bratwurst (Schwein)";100g;312;13.5;28.5;0.5;0;;100;;Fleisch&Wurst;"Durchschnittswerte für gebrühte Schweinebratwurst. Salzgehalt kann variieren.";15;0.35;0.18;3.8;0.5;0.25;2;4;0.9;;0.4;0.2;1;12;1200;1.4;0.12;210;0.08;15;0.04;850;165;140;2.1;N;N;J;N;J;J;J;J
"Brie 50 %";100g;334;20;28;0.1;0;;30;;Käse;"Ein französischer Weichkäse mit weißem Edelschimmel. Die Fettangabe bezieht sich auf die Trockenmasse.";240;0.04;0.4;0.6;0.5;0.2;3;60;1.5;;0.3;0.6;3;400;1200;0.5;0.04;150;0.05;25;0.02;650;300;240;3.5;N;J;J;J;J;J;J;J
"Brokkoli";100g;34;2.8;0.4;2.7;3;15;200;;Gemüse;"Frischer, roher Brokkoli. Reich an Vitamin C und K.";71;0.07;0.12;0.6;0.57;0.18;1.5;108;;89;;0.8;102;47;21;0.7;0.01;316;0.06;21;0.2;33;66;140;0.4;J;J;J;J;J;J;J;J
"Brombeeren";100g;43;1.2;1;4.9;5.3;25;125;;Obst;"Frisch, roh";0.003;15;0.03;0.04;0.4;0.24;0.05;0.4;30;21;21;1.1;1.2;20;29;8;0.6;0.02;162;0.1;20;0.6;1;22;14;J;J;N;N;N;J;J;N
"Burrata";100g;250;16;20;1.5;0;;125;;Käse;"Frischkäsespezialität aus Kuhmilch mit cremigem Kern.";220;0.03;0.3;0.1;0.3;0.05;0.005;0.018;1.3;;0.5;0.6;;450;450;0.1;;80;;15;;350;350;;2.5;N;J;J;J;J;J;N;J
"Bulgur";100g;342;12.3;1.3;63.3;12.5;48;75;;Brot&Teigwaren;"Werte beziehen sich auf das Trockenprodukt. Im gekochten Zustand sinken die Werte pro 100g durch die Wasseraufnahme erheblich.";;0.27;0.12;5.1;1.05;0.34;1.2;27;;;;0.8;1.9;35;45;2.5;0.02;410;0.24;164;3;17;300;110;1.9;J;J;N;N;N;N;J;J
"Butter";100g;741;0.7;82.2;0.7;0;;10;;Öle&Fette;"Gesalzene Butter kann einen höheren Natrium- und Chloridgehalt aufweisen.";650;;0.02;0.1;0.05;0.01;1.2;2;0.2;;1.2;2;7;15;21;0.1;0.02;16;0.01;1;;7;21;14;0.1;N;J;J;N;J;J;J;J
"Cabanossi";100g;448;18.5;41.5;1;0;;50;;Fleisch&Wurst;"Enthält Nitritpökelsalz";;0.4;0.2;4.5;;0.3;;;1.5;;;0.5;;15;1450;2.2;;380;;22;;1300;180;;3.2;N;N;J;J;J;J;J;J
"Camembert 30 %";100g;230;23.5;15;0.1;0;;30;;Käse;"Fettgehalt absolut ca. 15% bei 30% Fett i. Tr.";180;0.04;0.45;0.6;0.6;0.15;4;45;2.1;;0.4;0.2;3;420;1000;0.4;;120;0.04;15;0.02;650;320;;2.5;N;J;J;J;J;J;N;J
"Camembert 45 %";100g;299;20.1;24.2;0.1;0;;30;;Käse;"Werte variieren je nach Reifegrad. Durchschnittswerte für 45% Fettstufe.";220;0.05;0.4;0.2;0.6;0.1;1.5;75;2.2;;0.3;0.3;3;400;1200;0.2;0.04;120;0.02;20;0.01;800;320;240;3.1;N;J;J;J;J;J;N;J
"Camembert 60 %";100g;351;18;31;0.1;0;;30;;Käse;"60% Fett i. Tr. entspricht ca. 31g absolutem Fettgehalt.";280;0.05;0.5;0.6;0.5;0.2;3;35;2;;0.5;0.8;3;400;800;0.5;0.04;120;0.05;20;0.02;800;300;210;3;N;J;J;J;J;J;N;J
"Cashewkerne";100g;553;18.2;43.8;30.2;3.3;25;30;;Nüsse&Samen;"Geröstet und ungesalzen als Basis für Nährwerte";;0.42;0.06;1.1;0.86;0.42;13;25;;0.5;;0.9;34.1;37;18;6.7;0.14;660;2.2;292;1.6;12;593;200;5.8;J;J;N;J;N;J;J;J
"Cervelatwurst";100g;380;15;35;1.5;0;;20;;Fleisch&Wurst;"Enthält Nitritpökelsalz";;0.35;0.2;4.5;;0.3;;;1.5;;;0.5;;15;1500;2.5;;330;;20;;1300;180;;3.2;N;N;J;J;J;J;J;J
"Champignons";100g;22;2.7;0.2;0.6;2.5;15;150;;Gemüse;"Frisch, weiß oder braun (Agaricus bisporus)";;0.1;0.4;4.8;2.1;0.1;16;25;;3;1.9;0.1;;6;18;1;0.02;390;0.3;14;0.1;5;115;30;0.5;J;J;J;J;J;J;J;J
"Cheddar 50 %";100g;403;24.9;33.1;1.3;0;;30;;Käse;"Werte variieren leicht je nach Reifegrad. Reich an Calcium und Vitamin A.";330;0.03;0.37;0.1;0.34;0.07;2;18;1.1;;0.2;0.6;2.4;721;1100;0.7;0.04;102;0.03;28;0.03;650;512;240;3.9;N;J;J;J;J;J;J;J
"Cherrytomaten";100g;18;0.9;0.2;2.6;1.2;15;15;;Gemüse;"Frisch, rot, durchschnittliche Werte für kleine Tomatensorten.";42;0.06;0.04;0.5;0.1;0.1;1;15;;14;;0.5;7.9;5;25;0.3;0.02;242;0.06;11;0.07;3;24;11;0.1;J;J;J;N;J;J;J;N
"Chia-Samen";100g;444;16.5;31;4.9;34;1;15;;Nüsse&Samen;"Hoher Gehalt an Omega-3-Fettsäuren und Ballaststoffen.";54;0.6;0.17;8.8;;;;49;;1.6;;0.5;;631;;7.7;;407;0.9;335;2.7;16;860;;4.6;J;J;J;J;J;J;J;J
"Chinakohl";100g;13;1.2;0.2;1.2;1.2;10;200;;Gemüse;"Reich an Vitamin C und K";22;0.03;0.04;0.4;0.1;0.1;1;40;;26;;0.1;43;40;25;0.6;0.01;145;0.04;11;0.15;9;29;20;0.2;J;J;J;N;J;J;J;J
"Chorizo";100g;455;24.1;38.2;1.9;0;;30;;Fleisch&Wurst;"Spanische Rohwurst mit Paprika und Knoblauch. Werte können je nach Reifegrad variieren.";45;0.42;0.25;4.8;;0.35;;5;1.2;;0.7;0.5;;15;1800;1.6;;380;;22;;1235;185;;2.9;N;N;J;J;J;J;J;J
"Clementine";100g;46;0.7;0.1;9.2;1.7;30;75;;Obst;"Frisch, geschält. Reich an Vitamin C.";45;0.06;0.04;0.2;0.2;0.06;1;26;;30;;0.2;;30;1;0.4;0.01;177;0.04;11;0.04;1;20;10;0.4;J;J;N;N;N;J;J;N
"Club Mate";100ml;20;0;0;5;0;60;500;100;Getränke;"Enthält Koffein (20mg/100ml)";;;;;;;;;;;;;;;;;;;;;;;;;;J;J;N;N;N;J;J;N
"Coca-Cola Classic";100ml;42;0;0;10.6;0;63;250;100;Getränke;"Enthält Koffein und Phosphorsäure";;;;;;;;;;;;;;2;4;0.1;0.01;2;0.01;1;0.01;4;17;1;0.01;J;J;N;N;N;J;J;N
"Coca-Cola Zero";100ml;0.2;0;0;0;0;;250;100;Getränke;"Enthält Koffein und Süßungsmittel (Aspartam, Acesulfam-K). Phosporsäure dient als Säuerungsmittel.";;;;;;;;;;;;;;2;4;;0.02;2;;1;;10;13;1;;J;J;J;N;J;J;J;J
"Couscous";100g;353;12.8;1.8;71.2;5;65;60;;Brot&Teigwaren;"Werte beziehen sich auf das Trockenprodukt. Couscous wird aus Hartweizengrieß hergestellt.";;0.16;0.04;3.5;0.6;0.11;;20;;;;0.2;0.1;24;;1.1;;166;0.25;44;0.8;10;170;;0.8;J;J;N;N;N;N;J;J
"Dorade";100g;105;19.8;2.7;0;0;;200;;Fisch&Meeresfrüchte;"Auch als Goldbrasse bekannt";0.015;15;0.08;0.12;3.5;0.6;0.35;4;12;2.8;0.004;3;0.8;1;30;120;1.1;0.1;380;0.04;33;0.02;85;220;240;N;N;J;J;J;J;J;J
"Dr Pepper";100ml;42;0;0;10.8;0;70;330;100;Getränke;"Werte können je nach Region und Rezeptur leicht variieren. Enthält Koffein und Phosphorsäure.";;;;;;;;;;;;;;2;;;;1;;1;;15;14;;;J;J;N;N;N;J;J;N
"Drachenfrucht";100g;50;1.2;0.4;11;1.4;50;150;;Obst;"Auch als Pitaya bekannt. Reich an Antioxidantien.";2;0.04;0.04;0.4;0.2;0.04;;0.01;;9;;0.1;;9;;0.6;;190;0.07;28;0.04;2;23;;0.1;J;J;N;N;N;J;J;N
"Edamer 30 %";100g;256;27.1;16.4;0;0;;30;;Käse;"Fettgehalt absolut ca. 16-17 %";0.2;160;0.04;0.32;0.1;0.3;0.08;2.5;25;2.1;0.0003;0.2;0.3;3;800;800;0.4;100;90;0.04;30;0.01;650;520;3;N;J;J;J;J;J;J;J
"Edamer 40 %";100g;312;25.8;22.9;0.1;0;;30;;Käse;"Enthält Laktose";220;0.03;0.3;0.1;0.3;0.07;2;20;2.1;;0.2;0.6;3;731;1000;0.4;0.04;80;0.03;30;0.01;640;510;220;3.8;N;J;J;J;J;J;J;J
"Eistee Pfirsich";100ml;30;0.1;0.1;7.2;0;60;250;100;Getränke;"Durchschnittswerte für gezuckerten Pfirsich-Eistee auf Schwarztee-Basis.";2;;;0.1;0.01;0.01;0.1;1;;1;;0.01;0.1;2;1;0.02;0.01;12;0.01;1;0.04;4;1;1;0.01;J;J;N;N;N;J;J;N
"Emmentaler 45 %";100g;382;28.5;30.6;0;0;;30;;Käse;"Hartkäse aus Kuhmilch";285;0.05;0.3;0.1;0.25;0.08;1.8;20;2.1;;0.7;0.6;3.8;1020;240;0.5;0.04;105;0.03;33;0.02;150;630;240;4.6;N;J;J;J;J;J;J;J
"Entenbrust (mit Haut)";100g;227;18.1;17.2;0;0;;200;;Fleisch&Wurst;"Reich an Eisen";24;0.17;0.24;4.8;1.1;0.35;3.5;8;3;;0.2;0.7;3;11;65;2.4;0.02;240;0.24;19;0.02;60;180;210;1.9;N;N;J;J;J;J;J;J
"Entenkeule (mit Haut)";100g;220;19;15;0;0;;200;;Fleisch&Wurst;"Werte können je nach Zubereitungsart variieren. Angabe bezieht sich auf den rohen Zustand.";40;0.18;0.24;4.5;1.1;0.3;4;8;0.4;;0.1;0.7;3;11;70;2.4;0.02;240;0.25;19;0.02;80;170;210;2.2;N;N;J;J;J;J;J;J
"Entrecôte (Rind)";100g;230;20.5;16.5;0;0;;200;;Fleisch&Wurst;"Werte können je nach Fettmarmorierung variieren. Rohzustand.";4;0.07;0.18;5.2;0.5;0.4;3;8;2.1;;0.1;0.2;2;6;60;2.1;0.02;330;0.1;22;0.01;55;185;210;4.4;N;N;J;J;J;J;J;J
"Erdbeeren";100g;32;0.8;0.4;5.5;2;25;150;;Obst;"Frisch, roh. Hoher Vitamin C Gehalt.";4;0.03;0.06;0.4;0.34;0.06;1;43;;59;;0.1;13;25;15;0.6;0.012;150;0.06;15;0.3;3;25;14;0.1;J;J;N;N;N;J;J;N
"Erdnüsse";100g;567;25.8;49.2;16.1;8.5;15;30;;Nüsse&Samen;"Werte beziehen sich auf geröstete, ungesalzene Erdnüsse. Botanisch gesehen sind es Hülsenfrüchte.";;0.6;0.1;12.1;1.8;0.3;100;240;;;;8.3;;92;7;4.6;0.1;705;1.1;168;1.9;18;376;230;3.3;J;J;N;J;N;J;J;J
"Erdnussöl";100g;884;0;100;0;0;;10;;Öle&Fette;"Hoher Rauchpunkt, gut zum Braten geeignet. Reich an ungesättigten Fettsäuren.";;;;;;;;;;;;15.7;0.7;;;;;;;;;;;;0.01;J;J;J;N;J;J;J;J
"Fanta";100ml;38;0;0;9.1;0;70;250;100;Getränke;"Werte können je nach Region und Zuckergehalt (Classic vs. Zero) variieren. Hier für die Standard-Version.";;;;;;;;;;2;;;;2;2;0.02;0.01;3;0.01;1;0.01;10;;1;0.01;J;J;N;N;N;J;J;N
"Fassbrause";100ml;42;0.1;0;10.2;0;70;330;100;Getränke;"Werte können je nach Geschmacksrichtung und Hersteller variieren. Durchschnittswerte für klassische Fassbrause.";;0.01;0.01;0.1;0.05;0.01;;1;;1;;;;2;2;0.01;0.01;5;0.01;2;0.01;5;2;1;0.01;J;J;N;N;N;J;J;N
"Feige (frisch)";100g;63;1.3;0.5;12.9;2;35;50;;Obst;"Frische Feigen sind reich an Ballaststoffen und Kalium.";4;0.06;0.05;0.4;0.3;0.1;0.5;8;;2;;0.3;4.7;54;18;0.6;0.04;248;0.07;20;0.1;2;32;13;0.1;J;J;N;N;N;J;J;N
"Feldsalat";100g;14;1.8;0.4;0.7;1.5;15;100;;Gemüse;"Reich an Vitamin C";650;0.07;0.08;0.4;0.25;0.25;1;145;;35;;1;250;35;40;2;0.01;450;0.1;13;0.3;4;49;15;0.4;J;J;J;N;J;J;J;J
"Fenchel";100g;19;1.1;0.2;2.8;3.3;15;150;;Gemüse;"Frischer Fenchel (Knolle)";45;0.04;0.05;0.6;0.25;0.1;1.5;100;;28;;0.6;60;109;45;2.7;0.01;494;0.1;49;0.2;86;51;14;0.4;J;J;J;N;J;J;J;J
"Feta 45 %";100g;264;17.5;21.3;0.5;0;;30;;Käse;"Traditioneller Schafskäse (evtl. mit Ziegenmilch-Anteil). Hoher Natriumgehalt durch Salzlake.";220;0.04;0.21;0.2;0.4;0.07;1.5;32;1.1;;0.3;0.3;1.8;437;1200;0.2;0.04;80;0.03;19;0.02;1140;337;240;2.1;N;J;J;J;J;J;N;J
"Fleischwurst";100g;286;11.5;26.5;0.5;0;;30;;Fleisch&Wurst;"Durchschnittswerte für Brühwurst nach Art einer Fleischwurst oder Lyoner.";2;0.15;0.18;4.5;0.5;0.2;1.5;5;1.2;;0.4;0.2;2;12;1200;1.4;0.04;220;0.08;15;0.02;900;180;140;2.2;N;N;J;N;J;J;J;J
"Frankfurter Würstchen";100g;287;12;26;1;0;;100;;Fleisch&Wurst;"Enthält Nitritpökelsalz";;0.1;0.1;3.5;0.3;0.2;;3;0.0005;;;0.2;10;15;1450;1.5;;220;0.05;15;0.01;900;180;;2.4;N;N;J;J;J;J;J;J
"Flussbarsch";100g;91;19.4;0.9;0;0;;150;;Fisch&Meeresfrüchte;"Frischwasser-Speisefisch, mageres Fleisch";6;0.08;0.12;2.1;0.6;0.15;3;5;1.9;1;1.3;0.7;1;80;80;0.9;0.03;330;0.04;30;0.02;65;200;210;0.8;N;N;J;J;J;J;J;J
"Frischkäse 0,2 %";100g;63;11;0.2;3.9;0;30;30;;Milchprodukte;"Magerstufe, hoher Proteingehalt";2;0.03;0.18;0.1;0.4;0.04;1.5;12;0.4;;0.01;0.01;0.1;110;120;0.1;0.02;145;0.02;12;0.01;100;120;25;0.4;N;J;N;J;N;J;N;J
"Frischkäse 20 %";100g;183;8.5;15;3.6;0;;30;;Käse;"Werte variieren je nach Hersteller";0.15;150;0.03;0.18;0.1;0.5;0.04;1.5;15;0.4;0.0002;0.1;0.3;1;80;210;0.1;0.02;120;0.02;10;0.01;250;110;15;N;J;N;N;N;J;N;J
"Frischkäse 60 %";100g;265;6.5;25.5;3.2;0;;30;;Milchprodukte;"Fettgehalt absolut ca. 25-26% bei dieser Stufe";280;0.03;0.18;0.1;0.3;0.04;1.5;15;0.4;;0.2;0.5;2;80;180;0.1;0.02;110;0.02;10;0.01;300;120;25;0.4;N;J;N;N;N;J;N;J
"Fritz-Kola";100ml;42;0;0;11;0;65;330;100;Getränke;"Enthält Koffein (25mg/100ml)";;;;;;;;;;;;;;2;;0.1;;1;;1;;2;1;;0.01;J;J;N;N;N;J;J;N
"Fritz-Limo";100ml;42;0.1;0.1;10.2;0.1;70;330;100;Getränke;"Durchschnittswerte für Orangen-Limonade. Enthält ca. 10.5% Fruchtanteil.";2;0.01;0.01;0.1;0.05;0.01;;1;;5;;0.1;;2;;0.1;;5;;1;;5;1;;;J;J;N;N;N;J;J;N
"Frühkartoffeln";100g;71;2;0.1;14.8;1.6;70;200;;Gemüse;"Frisch geerntete Kartoffeln mit dünner Schale. Höherer Vitamin-C-Gehalt als Lagerkartoffeln.";1;0.11;0.05;1.2;0.4;0.3;0.1;20;;17;;0.1;4;6;45;0.7;0.01;418;0.1;20;0.14;3;50;14;0.3;J;J;N;N;N;J;J;N
"Frühstücksfleisch";100g;264;14.5;22;1;0;;30;;Fleisch&Wurst;"Dosenfleisch, oft gepökelt und zerkleinert. Hoher Salzgehalt.";;0.3;0.15;3.8;;0.2;;;0.8;;0.4;0.2;;10;1450;1.8;;280;0.1;15;;960;180;;2.5;N;N;J;N;J;J;J;J
"Garnele (Shrimps)";100g;92;20.1;1.4;0;0;;150;;Fisch&Meeresfrüchte;"Werte für gegarte Garnelen ohne Schale. Reich an Jod und Selen.";20;0.03;0.03;2.5;0.3;0.06;1;8;1.5;2;0.2;1.2;0.1;92;230;1.8;0.04;180;0.25;38;0.04;150;215;240;1.4;N;N;J;J;J;J;J;J
"Gänsekeule";100g;236;20.5;17.1;0;0;;300;;Fleisch&Wurst;"Werte gelten für Fleisch mit Haut, gegart. Rohwerte können abweichen.";25;0.09;0.24;4.1;0.9;0.35;4;8;0.4;;0.2;0.5;4;12;80;2.4;0.02;295;0.2;22;0.02;70;190;210;2.4;N;N;J;J;J;J;J;J
"Gänsebrust (mit Haut)";100g;349;16.8;31.3;0;0;;150;;Fleisch&Wurst;"Gebratene Gans mit Haut, hoher Fettgehalt.";45;0.08;0.21;4.8;0.7;0.28;3.5;7;0.4;;0.2;0.5;3;12;65;2.9;0.02;252;0.25;19;0.02;62;168;210;1.9;N;N;J;J;J;J;J;J
"Geflügelsalami";100g;345;17.2;30.5;1;0;;20;;Fleisch&Wurst;"Werte können je nach Fettgehalt und Sorte leicht variieren. Geflügelsalami ist meist etwas magerer als klassische Schweinesalami.";;0.2;0.15;5.2;;0.3;;;1.2;;;0.2;1;15;1850;2.1;;330;;22;;1200;210;;2.4;N;N;J;J;J;J;J;J
"Gelbwurst";100g;312;10.5;30.1;0.5;0;;30;;Fleisch&Wurst;"Bayerische Brühwurstspezialität, meist ohne Knoblauch und Farbstoffe hergestellt.";;0.1;0.15;3.2;;0.2;;5;;;;;;15;1000;1.4;;220;;15;;850;180;;2.1;N;N;J;N;J;J;J;J
"Gemüsebrühe";100ml;4;0.2;0.1;0.6;0;;250;100;Sonstiges;"Werte beziehen sich auf zubereitete Brühe. Je nach Hersteller variiert der Salzgehalt stark.";;;;0.02;0.01;0.01;;1;;0.1;;;0.1;2;280;0.02;0.01;25;0.01;1;0.01;380;2;1;0.02;J;J;J;N;J;J;J;J
"Ginger Ale";100ml;37;0;0;9;0;65;250;100;Getränke;"Durchschnittswerte für klassisches Ginger Ale. Kann je nach Hersteller variieren.";;;;0.01;0.01;0.01;;;;;;;;2;2;0.02;0.01;3;0.01;1;0.01;5;1;1;0.01;J;J;N;N;N;J;J;N
"Gemüsezwiebeln";100g;28;1.1;0.2;4.9;1.4;15;150;;Gemüse;"Mildere und größere Variante der herkömmlichen Speisezwiebel.";2;0.03;0.02;0.2;0.1;0.1;0.5;20;;7;;0.1;1;25;20;0.2;0.01;160;0.05;10;0.1;4;30;50;0.1;J;J;J;N;N;J;J;N
"Gorgonzola 48 %";100g;350;24;28;0.7;0;;30;;Käse;"Edelpilzkäse aus Kuhmilch. Fettgehalt ca. 28g absolut bei 48% Fett i. Tr.";280;0.03;0.4;0.1;0.3;0.05;;25;1.2;;0.2;0.6;;610;1000;0.2;;120;0.02;25;;1000;450;;3.5;N;J;J;J;J;J;N;J
"Gouda 30 %";100g;265;28.5;16.5;0;0;;30;;Käse;"Fettgehalt bezieht sich auf die Trockenmasse";;220;0.03;0.3;0.1;0.35;0.06;2.5;25;2.1;;0.25;0.3;3;900;1200;0.5;0.04;90;0.03;35;0.01;750;600;240;N;J;J;J;J;J;J;J
"Gouda 45 %";100g;356;22.7;30.8;0;0;;30;;Käse;"Durchschnittswerte für mittelalten Gouda";280;0.03;0.3;0.1;0.3;0.08;3;20;2.1;;0.3;0.6;3;700;1000;0.5;0.05;80;0.02;28;0.02;700;500;240;3.9;N;J;J;J;J;J;J;J
"Granatapfel";100g;78;1.1;0.6;16.1;3.5;35;150;;Obst;"Reich an Antioxidantien";4;0.03;0.02;0.3;0.4;0.1;0.1;38;;7;;0.3;10;8;1;0.5;0.01;240;0.1;10;0.1;3;18;10;0.1;J;J;N;N;N;J;J;N
"Granatapfelsaft";100ml;54;0.2;0.1;13.1;0.1;53;250;100;Getränke;"Reich an Antioxidantien";;0.01;0.01;0.2;0.1;0.04;;6;;1;;0.1;0.1;10;;0.1;;214;;7;;3;12;;0.1;J;J;N;N;N;J;J;N
"Grapefruit";100g;42;0.7;0.1;9.2;1.6;25;200;;Obst;"Reich an Vitamin C";46;0.04;0.03;0.2;0.28;0.04;1;13;;44;;0.2;1;22;2;0.1;0.01;180;0.03;9;0.01;1;18;10;0.1;J;J;N;N;N;J;J;N
"Griechischer Joghurt 2%";100g;73;9.9;2;3.9;0;15;150;;Milchprodukte;"Enthält Laktose";25;0.03;0.2;;;0.04;;7;0.5;1;;0.02;;110;;0.1;;141;;11;;36;135;;0.5;N;J;N;N;N;J;N;N
"Grünkohl";100g;49;4.3;0.9;9;3.6;15;150;;Gemüse;"Frisch, roh";;500;0.11;0.13;1;0.07;0.27;0.4;141;;120;;1.5;705;150;70;1.5;0.04;491;0.29;47;0.66;38;92;140;J;J;N;N;N;J;J;N
"Gruyère";100g;413;29.8;32.3;0.1;0;;30;;Käse;"Schweizer Hartkäse aus Rohmilch, Fettgehalt ca. 45-50% i. Tr.";260;0.04;0.4;0.1;0.5;0.08;2;20;1.6;;0.3;0.6;3;1011;1100;0.2;0.04;81;0.03;36;0.02;714;600;240;3.9;N;J;J;J;J;J;J;J
"Gurke";100g;15;0.6;0.2;1.8;0.9;15;150;;Gemüse;"Frisch mit Schale";23;0.02;0.03;0.2;0.2;0.04;1;14;;8;;0.1;16;15;20;0.2;0.02;140;0.05;8;0.1;2;17;5;0.2;J;J;J;N;J;J;J;N
"Brathähnchen";100g;230;24;15;0;0;;350;;Fleisch&Wurst;"Werte gelten für Fleisch mit Haut, gegart. Ein halbes Hähnchen wiegt essbar ca. 300-400g.";40;0.08;0.18;9.3;1.1;0.5;3;8;0.4;;0.15;0.3;2;12;80;1.2;0.01;260;0.07;25;0.02;90;200;240;1.1;N;N;J;J;J;J;J;J
"Hähnchenflügel";100g;221;19.2;16;0;0;;150;;Fleisch&Wurst;"Werte gelten für gegarte Hähnchenflügel mit Haut, ohne Knochenanteil berechnet.";25;0.07;0.12;6.5;0.9;0.35;2;5;0.4;;0.2;0.3;2;12;75;1.1;0.03;210;0.06;20;0.02;82;165;210;1.1;N;N;J;J;J;J;J;J
"Hähnchenkeule (mit Haut)";100g;214;19.4;15;0;0;;150;;Fleisch&Wurst;"Rohes Produkt, mit Haut verzehrt";45;0.08;0.18;5.2;1.1;0.25;3;7;0.4;;0.2;0.3;2;11;80;1.2;0.01;225;0.07;19;0.02;85;165;195;1.8;N;N;J;J;J;J;J;J
"Hähnchenschenkel (ohne Haut)";100g;120;21;4;0;0;;150;;Fleisch&Wurst;"Werte für gegartes Fleisch können variieren";;19;0.08;0.18;5.8;1;0.35;3;6;0.4;;0.1;0.2;1;11;80;1.2;0.02;250;0.07;22;0.02;85;180;210;N;N;J;J;J;J;J;J
"Halloumi 43 %";100g;321;23;24.5;2.2;0;;125;;Käse;"Traditioneller Grillkäse aus Zypern, meist aus einer Mischung von Schafs-, Ziegen- und Kuhmilch. Hoher Salzgehalt.";240;0.02;0.4;0.1;0.3;0.05;2;15;0.6;;0.3;0.6;1.5;730;1000;0.1;0.04;80;0.02;20;0.01;1200;500;210;3.3;N;J;N;J;N;J;N;J
"Hanföl";100g;884;0;100;0;0;;10;;Öle&Fette;"Reich an Omega-3- und Omega-6-Fettsäuren (Gamma-Linolensäure). Kaltgepresst verwenden.";;;;;;;;;;;;9;50;;;;;;;;;;;;;J;J;J;N;J;J;J;J
"Hanfsamen (geschält)";100g;590;31.2;49.2;3.3;4;15;30;;Nüsse&Samen;"Reich an Omega-3-Fettsäuren";1;1.3;0.3;9.2;;0.6;;110;;1;;0.8;;70;;8;;1200;;700;;5;1650;;10;J;J;J;J;J;J;J;J
"Hamburger Patty (Rind)";100g;250;21;18;0;0;;125;;Fleisch&Wurst;"Werte beziehen sich auf ein reines Rinderhack-Patty, roh.";;0.08;0.18;5.2;0.6;0.35;3;8;2.4;;0.1;0.2;1.5;12;75;2.3;0.02;320;0.08;22;0.01;65;200;230;4.5;N;N;J;J;J;J;J;J
"Harzer Käse 0,5 %";100g;125;30;0.5;0.1;0;;100;;Käse;"Traditioneller Sauermilchkäse, fast fettfrei und sehr proteinreich.";20;0.03;0.35;0.1;0.3;0.1;3;25;2.2;;0.3;;10;200;1200;0.4;0.04;80;0.1;20;0.01;500;400;180;4.5;N;J;J;J;J;J;J;J
"Haselnüsse";100g;644;12;61.6;10.5;8.2;15;30;;Nüsse&Samen;"Reich an Vitamin E und einfach ungesättigten Fettsäuren.";5;0.4;0.2;1.4;0.6;0.3;16;71;;3;;26.6;13;225;40;3.8;0.04;636;1.3;156;5.1;2;333;140;2.4;J;J;J;N;N;J;J;N
"Heidelbeeren";100g;42;0.6;0.6;7.4;4.9;25;125;;Obst;"Werte gelten für frische Heidelbeeren (Blaubeeren). Hoher Gehalt an Anthocyanen.";6;0.02;0.02;0.4;0.12;0.06;1.1;6;;22;;2.1;19;10;2;0.7;0.01;78;0.06;2;0.2;1;13;10;0.1;J;J;N;N;N;J;J;N
"Frische Hefe";100g;105;16.7;1.5;1;6.2;35;42;;Sonstiges;"Frischbackhefe (Würfel)";;0.6;1.6;12;3.5;0.6;30;700;0.1;;;;;20;50;3.2;0.04;600;0.2;35;0.1;30;380;140;4.5;J;J;J;J;J;J;J;J
"Heilbutt (weiß)";100g;104;20.8;2.3;0;0;;150;;Fisch&Meeresfrüchte;"Reich an Omega-3-Fettsäuren";15;0.06;0.08;6.5;0.4;0.4;1;12;1;;5;0.8;1;15;100;0.7;0.04;450;0.04;28;0.02;80;220;240;0.6;N;N;J;J;J;J;J;J
"Heringsfilet";100g;192;17.5;13.5;0;0;;100;;Fisch&Meeresfrüchte;"Werte können je nach Zubereitung (z.B. in Sauce) variieren";;24;0.04;0.25;4.5;0.8;0.3;5;7;8.5;;25;1.5;0.1;34;120;1;0.4;320;0.1;31;0.04;120;250;240;N;N;J;J;J;J;J;J
"Hirschgulasch";100g;110;21.5;2.5;0;0;;200;;Fleisch&Wurst;"Mageres Wildfleisch, Rohzustand ohne Sauce. Reiches Mineralstoffprofil.";5;0.18;0.25;7.5;0.7;0.45;2;6;2.2;1;0.4;0.3;1;6;60;3.2;0.015;330;0.18;22;0.02;45;210;210;3.5;N;N;J;J;J;J;J;J
"Himbeeren";100g;34;1.3;0.3;4.8;4.7;25;125;;Obst;"Frisch, roh. Reich an Vitamin C und Ballaststoffen.";4;0.02;0.05;0.3;0.2;0.05;1.5;28;;25;;0.5;10;40;5;1;0.01;170;0.1;30;0.4;3;44;18;0.4;J;J;J;N;J;J;J;N
"Hirtenkäse 45 %";100g;278;17;23;1;0;;30;;Käse;"Salzlakenkäse aus Kuhmilch";220;0.04;0.25;;;0.1;;;1.5;;0.3;0.6;;450;1200;0.2;;80;;25;;1100;350;;1.5;N;J;J;J;J;J;N;J
"Honig";100g;304;0.3;0;82;0.2;60;20;;Süßwaren;"Naturreiner Bienenhonig. Werte können je nach Sorte leicht variieren.";;0.01;0.01;0.2;0.05;0.02;0.1;2;;1;;;;6;5;0.4;0.01;52;0.04;2;0.1;4;18;7;0.1;N;J;N;N;N;J;J;N
"Honigmelone";100g;34;0.5;0.1;8.1;0.8;60;150;;Obst;"Hoher Wasseranteil, reich an Kalium. Gi-Wert variiert je nach Reifegrad.";2;0.04;0.02;0.4;0.13;0.07;0.1;20;;18;;0.05;2.5;11;21;0.1;0.02;267;0.03;10;0.02;18;17;14;0.1;J;J;N;N;N;J;J;N
"Hüttenkäse 4 %";100g;102;12.5;4.3;3.1;0;30;200;;Milchprodukte;"Auch bekannt als körniger Frischkäse. Fettgehalt 4% absolut.";40;0.03;0.18;0.1;0.5;0.05;3;15;0.6;;0.1;0.1;1;95;450;0.1;0.01;104;0.02;11;0.01;370;150;140;0.5;N;J;J;N;N;J;N;N
"Jagdwurst";100g;231;14;19;1;0;;30;;Fleisch&Wurst;"Werte können je nach Hersteller leicht variieren. Hoher Natriumgehalt durch Pökelsalz.";;0.35;0.2;3.5;;0.25;;;0.8;;;;;10;1200;1.5;;250;;15;;900;180;;2.5;N;N;J;N;N;J;J;J
"Joghurt 0,1 %";100g;42;4.2;0.1;5.2;0;35;150;;Milchprodukte;"Magerjoghurt natur";2;0.04;0.18;0.1;0.4;0.05;3.5;5;0.4;1;0.01;0.02;0.1;120;100;0.1;0.02;160;0.01;12;0.01;50;95;30;0.4;N;J;N;N;N;J;N;N
"Joghurt 1,5 %";100g;47;4.2;1.5;5;0;35;150;;Milchprodukte;"Naturjoghurt, fettarm";15;0.04;0.18;0.1;0.35;0.05;3.5;5;0.4;1;0.01;0.02;0.1;120;100;0.1;0.02;160;0.01;12;0.005;50;95;30;0.4;N;J;N;N;N;J;N;N
"Joghurt 3,5 %";100g;65;3.4;3.5;4.1;0;35;150;;Milchprodukte;"Naturjoghurt, vollfett";30;0.04;0.18;0.1;0.4;0.05;3.5;5;0.4;1;0.05;0.04;0.3;120;100;0.1;0.02;150;0.01;12;0.003;50;95;25;0.4;N;J;N;N;N;J;N;N
"Johannisbeeren";100g;33;1.1;0.2;4.8;3.5;25;125;;Obst;"Werte für rote Johannisbeeren. Schwarze Johannisbeeren haben einen deutlich höheren Vitamin-C-Gehalt.";4;0.04;0.03;0.2;0.06;0.05;;3;;36;;0.1;11;29;14;1.2;0.01;257;0.1;13;0.18;1;27;14;0.2;J;J;J;N;N;J;J;N
"Kabeljau (Dorsch)";100g;78;18.2;0.6;0;0;;150;;Fisch&Meeresfrüchte;"Frisch, gegart abweichend. Magerfisch mit hohem Proteingehalt.";2;0.05;0.06;2.5;0.25;0.2;1;12;1.2;;1;0.3;1;20;100;0.4;0.04;340;0.03;25;0.01;80;190;240;0.4;N;N;J;J;J;J;J;J
"Karottensaft";100ml;39;0.7;0.2;8.3;0.8;40;200;100;Getränke;"Frisch gepresst oder Direktsaft, reich an Beta-Carotin (Provitamin A)";950;0.04;0.03;0.4;0.2;0.1;1.5;4;;3;;0.5;10;24;45;0.4;0.01;280;0.04;12;0.1;33;29;10;0.2;J;J;N;N;N;J;J;N
"Kaffee schwarz";100ml;2;0.1;0;0.3;0;0;200;100;Getränke;"Gebrühter Filterkaffee, ohne Zucker und Milch. Koffeingehalt ca. 40mg/100ml.";0;0.01;0.01;0.7;0.2;0.01;0.1;2;0;0;0;0;0.1;2;2;0.01;0.01;49;0.01;4;0.02;2;3;2;0.05;J;J;J;N;J;J;J;J
"Kakaopulver 100%";100g;366;20;21;12;33;20;15;;Süßwaren;"Reiner Backkakao, schwach entölt";4;0.08;0.24;2.2;0.25;0.12;20;32;;;;0.3;2.5;128;45;13.9;0.05;1524;3.8;499;3.8;21;734;210;6.8;J;J;N;J;N;J;J;J
"Kaki";100g;70;0.6;0.2;18.6;3.6;50;150;;Obst;"Reich an Vitamin C";267;0.03;0.02;0.1;0.1;0.1;;8;;7;;0.7;2.6;8;5;0.2;0.01;161;0.11;9;0.35;1;26;11;0.1;J;J;N;N;N;J;J;N
"Kalbsbrust";100g;154;20.3;8.1;0;0;;150;;Fleisch&Wurst;"Rohe Kalbsbrust, Durchschnittswerte";8;0.06;0.25;6.3;0.6;0.3;4;8;1.5;;0.5;0.1;2;11;80;2.1;0.01;330;0.1;22;0.02;80;200;210;3.5;N;N;J;J;J;J;J;J
"Kalbsgulasch";100g;110;20.5;3.5;0;0;;200;;Fleisch&Wurst;"Mageres Kalbfleisch aus der Schulter oder Keule, roh.";10;0.1;0.25;6.5;0.75;0.35;4;7;2;;0.1;0.2;3;10;80;2.5;0.02;330;0.1;22;0.03;90;210;210;4.1;N;N;J;J;J;J;J;J
"Kalbshaxe";100g;118;21.5;3.1;0;0;;350;;Fleisch&Wurst;"Nährwerte beziehen sich auf das rohe Muskelfleisch ohne Knochen. Kalbshaxe ist relativ mager im Vergleich zu Schweinehaxe.";8;0.11;0.25;6.5;0.75;0.35;4;10;1.8;;0.5;0.2;3;12;75;2.9;0.02;330;0.12;23;0.02;80;200;210;4.4;N;N;J;J;J;J;J;J
"Kalbsleber";100g;129;20.2;3.6;2.9;0;;150;;Fleisch&Wurst;"Reich an Eisen und Vitamin A";22000;0.3;2.6;14.5;6.5;0.9;35;240;65;35;1.3;0.5;3;6;80;7.9;0.02;330;7.5;22;0.3;90;345;240;6.1;N;N;N;J;N;J;J;N
"Kalbsleberwurst";100g;338;12;31;1;0;;30;;Fleisch&Wurst;"Nährwerte können je nach Leberanteil variieren. Enthält oft Schweinefleisch.";4500;0.15;0.8;5;0.5;0.3;0.005;80;12;2;0.5;0.5;5;15;500;5.4;0.01;210;0.1;15;0.02;780;180;100;2.1;N;N;J;N;J;J;J;J
"Kalbsrücken";100g;112;22.1;2.6;0;0;;200;;Fleisch&Wurst;"Mageres Teilstück vom Kalb, reich an hochwertigem Protein.";;0.1;0.2;6.5;1;0.4;3;8;1.6;;0.2;0.3;1;10;80;1.8;0.02;330;0.1;22;0.02;60;210;240;3.3;N;N;J;J;J;J;J;J
"Kalbsschnitzel";100g;105;22.8;1.5;0;0;;150;;Fleisch&Wurst;"Mageres Fleisch";5;0.1;0.25;6.5;0.75;0.35;3;7;1.2;;0.2;0.1;1;10;80;2;0.02;330;0.1;23;0.02;85;210;220;3.3;N;N;J;J;J;J;J;J
"Kaninchenfleisch";100g;153;21;7.1;0;0;;150;;Fleisch&Wurst;"Mageres Fleisch, reich an Protein und B-Vitaminen. Durchsschnittswerte für das ganze Tier ohne Innereien.";;0.1;0.15;6.5;0.6;0.35;1.5;8;6;;;0.3;1;13;50;3.2;0.01;330;0.18;29;0.02;45;220;240;2.4;N;N;J;J;J;J;J;J
"Karotten";100g;39;0.9;0.2;6.8;2.8;35;80;;Gemüse;"Frisch, roh";0.8;835;0.06;0.05;0.6;0.27;0.07;1.5;28;0.006;5;0.0006;0.5;13;33;60;0.4;0.02;320;0.04;12;0.12;60;35;14;J;J;J;N;N;J;J;N
"Karpfen";100g;115;18;4.8;0;0;;150;;Fisch&Meeresfrüchte;"Frischwasser-Speisefisch, Werte können je nach Fettgehalt variieren.";24;0.12;0.06;1.6;0.75;0.19;5;15;1.5;1;20;0.7;1;41;60;1.2;0.04;333;0.04;29;0.04;50;220;190;0.9;N;N;J;J;J;J;J;J
"Kartoffeln";100g;77;2;0.1;14.8;2.1;70;200;;Gemüse;"Gekocht, mit Schale (Durchschnittswert). Der GI kann je nach Zubereitungsart variieren.";;0.11;0.05;1.2;0.4;0.25;0.1;20;;17;;0.05;2.1;6;50;0.4;0.01;417;0.1;20;0.15;3;50;14;0.3;J;J;N;N;N;J;J;J
"Kasseler Lachs";100g;118;21;3.5;0.5;0;;150;;Fleisch&Wurst;"Geräuchertes und gepökeltes Schweinefleisch, meist aus dem Rücken (Lachs). Hoher Natriumgehalt durch Pökeln.";;0.6;0.2;5;0.7;0.5;3;4;0.6;;0.4;0.1;;8;1500;1.5;0.04;350;0.1;25;0.02;950;200;230;2.4;N;N;J;J;J;J;J;J
"Kasseler Nacken";100g;165;16;11;0.5;0;;150;;Fleisch&Wurst;"Geräuchertes und gepökeltes Schweinefleisch (Nacken), hoher Natriumgehalt durch Pökelung.";5;0.6;0.2;4.5;0.6;0.4;3;4;0.6;;0.5;0.1;1;8;1200;1.5;0.04;330;0.08;22;0.01;900;180;190;2.1;N;N;J;J;J;J;J;J
"Kiwi";100g;61;1.1;0.5;14.7;3;50;75;;Obst;"Frisch, geschält. Bekannt für hohen Vitamin C Gehalt.";4;0.03;0.03;0.3;0.2;0.06;0.2;25;;93;;1.5;40;34;25;0.3;0.02;312;0.13;17;0.1;3;34;14;0.1;J;J;N;N;N;J;J;N
"Kohlrabi";100g;27;2;0.1;3.7;1.4;15;150;;Gemüse;"Frisch, roh gegart ähnlich. Reich an Vitamin C.";4;0.05;0.05;0.4;0.2;0.15;0.1;70;;62;;0.2;1;68;45;0.9;0.01;380;0.13;43;0.14;20;50;50;0.2;J;J;J;N;J;J;J;J
"Kokosnusswasser";100ml;19;0.7;0.2;3.7;1.1;35;250;100;Getränke;"Frisches Wasser aus der grünen Kokosnuss. Elektrolytreich.";;0.03;0.06;0.1;0.04;0.03;1;3;;2.4;;;;24;105;0.3;0.04;250;0.04;25;0.14;105;20;5;0.1;J;J;J;N;J;J;J;N
"Kokosöl";100g;862;0;99.1;0;0;;15;;Öle&Fette;"Besteht fast ausschließlich aus gesättigten Fettsäuren, insbesondere Laurinsäure.";;;;;;;;;;;;0.1;0.5;;;0.04;;;0.01;;;;;;0.01;J;J;J;N;J;J;J;J
"Krakauer";100g;287;15.5;24.5;1;0;;100;;Fleisch&Wurst;"Werte können je nach Hersteller und Fettgehalt variieren. Hoher Natriumgehalt durch Pökelsalz.";;0.3;0.2;4.5;;0.3;;;1.2;;;;;15;1200;1.8;;310;;20;;950;180;;2.5;N;N;J;J;J;J;J;J
"Kräuterseitlinge";100g;25;3;0.2;1.2;3.2;15;150;;Gemüse;"Speisepilz, reich an Ballaststoffen und Vitamin B-Komplex";;0.04;0.15;4.5;0.8;0.1;;20;;3;0.7;0.1;;3;25;0.7;;330;0.1;15;;5;120;;0.6;J;J;J;N;J;J;J;J
"Kürbiskerne";100g;559;30.2;49.1;10.7;6;10;30;;Nüsse&Samen;"Hoher Magnesium- und Zinkgehalt. Roh/Getrocknet.";1;0.27;0.15;1.7;0.75;0.14;1;58;;1.9;;2.2;7;46;17;8.8;0.1;809;1.3;592;4.5;7;1233;240;7.8;J;J;N;J;N;J;J;J
"Kürbiskernöl";100g;828;0;92;0;0;;10;;Öle&Fette;"Reich an ungesättigten Fettsäuren und Vitamin E.";;;;;;;;;;;;29;;;;0.1;;;;;;;;;0.1;J;J;J;N;J;J;J;J
"Lammfilet";100g;118;21.5;3.5;0;0;;150;;Fleisch&Wurst;"Mageres Teilstück vom Lamm, sehr proteinreich.";4;0.15;0.25;5.5;0.6;0.35;3;5;2.2;;0.2;0.2;1;7;80;2;0.02;330;0.1;22;0.03;50;190;220;3;N;N;J;J;J;J;J;J
"Lammhackfleisch";100g;241;18.4;18.5;0;0;;150;;Fleisch&Wurst;"Reich an Eisen";;0.12;0.16;4.8;0.5;0.15;3;2;2.5;;0.1;0.2;;10;80;1.8;0.01;280;0.1;18;0.01;70;170;180;3.5;N;N;J;J;J;J;J;J
"Lammhaxe";100g;235;18.5;17.5;0;0;;350;;Fleisch&Wurst;"Werte beziehen sich auf den verzehrbaren Anteil (ohne Knochen) im rohen Zustand. Lammfleisch ist eine hervorragende Zink- und B12-Quelle.";;0.12;0.2;5.2;0.6;0.15;1.5;5;2.6;;0.2;0.2;;12;80;2.2;0.02;280;0.18;22;0.03;70;180;210;4.5;N;N;J;J;J;J;J;J
"Lammkeule";100g;234;20.5;16.8;0;0;;150;;Fleisch&Wurst;"Frisch zubereitet, magerer Anteil mit Fettrand. Minerale variieren je nach Fütterung.";;0.13;0.21;5.8;0.6;0.35;3;4;2.4;;0.2;0.2;;11;80;2.3;0.02;310;0.12;22;0.02;70;190;210;4.5;N;N;J;J;J;J;J;J
"Lammkarree";100g;235;18.5;18;0;0;;200;;Fleisch&Wurst;"Werte können je nach Fettbeschnitt variieren. Lammfleisch ist reich an Vitamin B12 und Zink.";;0.12;0.2;5.5;0.6;0.3;3;4;2.4;;0.1;0.2;;10;75;1.9;0.02;290;0.12;22;0.02;70;185;210;3.8;N;N;J;J;J;J;J;J
"Lammkotelett";100g;235;19.4;17.5;0;0;;150;;Fleisch&Wurst;"Werte beziehen sich auf den verzehrbaren Anteil ohne Knochen, roh zubereitet. Fettgehalt kann je nach Zuschnitt variieren.";;0.12;0.18;5.2;0.65;0.2;1.5;4;2.1;;0.2;0.2;1;10;80;1.9;0.02;260;0.1;22;0.02;70;170;210;3.5;N;N;J;J;J;J;J;J
"Lammrücken";100g;202;20.2;13.5;0;0;;200;;Fleisch&Wurst;"Frisch gegart, mager bis mäßig fettig. Hoher Gehalt an Vitamin B12 und Zink.";;0.15;0.25;5.5;0.65;0.35;3.5;4;2.5;;0.2;0.2;;10;80;2.1;0.02;310;0.12;22;0.02;75;190;210;3.6;N;N;J;J;J;J;J;J
"Lammschulter";100g;232;18.9;17.3;0;0;;150;;Fleisch&Wurst;"Werte können je nach Fettanteil variieren. Durchschnittlicher Wert für gegartes Fleisch.";;0.12;0.2;5.8;0.6;0.25;3.5;4;2.6;;0.2;0.2;;10;80;2.1;0.02;290;0.12;22;0.02;75;175;210;3.8;N;N;J;J;J;J;J;J
"Landjäger";100g;476;23.5;42;1;0;;40;;Fleisch&Wurst;"Geräucherte Rohwurst, Werte können je nach Fettgehalt leicht variieren.";;0.42;0.25;6.2;;0.35;;;2.1;;;;;15;2150;2.8;;380;;22;;1450;220;;3.5;N;N;J;J;J;J;J;J
"Lauchzwiebel";100g;28;1.1;0.3;3.3;2.6;15;15;;Gemüse;"Auch als Frühlingszwiebel bekannt. Werte beziehen sich auf das rohe Produkt.";66;0.05;0.04;0.4;0.1;0.16;0.9;60;;25;;0.5;210;31;18;1.2;0.01;260;0.08;23;0.16;5;38;50;0.4;J;J;N;N;N;J;J;J
"Leberkäse";100g;285;14;25;1;0;;100;;Fleisch&Wurst;"Werte können je nach Hersteller variieren (z.B. Fettgehalt oder Natrium).";;0.12;0.18;3.8;;0.25;;;1.1;;;0.3;5;15;1450;1.5;;330;;20;;950;180;;2.4;N;N;J;N;J;J;J;J
"Leberwurst (fein)";100g;338;12;31;1;0;;30;;Fleisch&Wurst;"Nährwerte können je nach Leberanteil variieren. Reich an Vitamin A.";6600;0.15;0.8;5;1.5;0.3;18;250;15;2;0.6;0.5;3;15;1200;7;0.1;180;2;15;0.04;850;185;145;2.5;N;N;J;N;J;J;J;J
"Leerdammer 45 %";100g;351;26;27.5;0.1;0;;30;;Käse;"Schnittkäse aus Kuhmilch mit dem typisch nussigen Aroma. Lactosefrei.";260;;0.3;;;;;;2.1;;0.3;0.6;;860;;0.2;;80;;35;;650;580;;4;N;J;J;J;J;J;J;J
"Leinsamenöl";100g;884;0;100;0;0;;10;;Öle&Fette;"Extrem hoher Anteil an Omega-3-Fettsäuren (Alpha-Linolensäure). Nicht zum Erhitzen geeignet.";;;;;;;;;;;;17.5;;;;;;;;;;;;;;J;J;J;N;J;J;J;J
"Limette";100g;30;0.7;0.2;10.5;2.8;20;67;;Obst;"Frische Limette, ganze Frucht ohne Schale";2;0.03;0.02;0.2;0.22;0.04;;8;;29;;0.2;0.6;33;2;0.6;0.01;102;0.07;6;0.01;2;18;11;0.1;J;J;N;N;N;J;J;J
"Litschi";100g;66;0.8;0.4;15.2;1.3;50;150;;Obst;"Enthält natürlichen Zucker";;0.01;0.06;0.6;0.1;0.1;0.6;25;;71.5;;0.1;0.4;5;3;0.3;0.01;171;0.15;10;0.06;1;31;18;0.1;J;J;N;N;N;J;J;N
"Lupinenschrot";100g;333;36.5;9.3;12.7;28.4;15;40;;Getreide und Teigwaren;"Hoher Proteingehalt, ideal als Fleischersatz oder Beilage. Reich an Ballaststoffen.";;0.6;0.3;2.5;;0.4;;190;;2;;1.2;;180;;4.4;;1000;1.1;190;2.5;15;440;;3.8;J;J;N;J;N;J;J;J
"Lyoner";100g;264;11.8;24.1;0.5;0;;20;;Fleisch&Wurst;"Wurstsorte aus feinem Brät";;20;0.15;0.18;3.5;0.6;0.2;1.5;5;0.6;;0.3;0.2;2;7;1200;1.3;0.04;220;0.1;12;0.03;850;180;140;N;N;J;N;J;J;J;J
"Macadamianüsse";100g;718;7.9;75.8;4.6;8.6;15;30;;Nüsse&Samen;"Hoher Gehalt an einfach ungesättigten Fettsäuren.";;1.2;0.16;2.5;0.75;0.27;6;11;;1.2;;0.5;;85;180;3.7;0.04;368;0.76;130;4.1;5;188;140;1.3;J;J;J;N;J;J;J;J
"Quark 0,2 %";100g;67;12;0.2;4;0;30;250;;Milchprodukte;"Enthält Laktose";2;0.03;0.2;0.1;0.4;0.06;3;15;0.9;;0.02;0.01;0.1;120;100;0.1;0.04;160;0.02;12;0.01;35;190;50;0.6;N;J;N;J;N;J;N;J
"Makrele (frisch)";100g;205;18.7;13.9;0;0;;150;;Fisch&Meeresfrüchte;"Fetter Seefisch, reich an Omega-3-Fettsäuren.";45;0.13;0.3;7.7;0.9;0.63;5;4;9;;4;1.5;5;12;110;1;0.02;396;0.08;30;0.01;85;244;230;0.6;N;N;J;J;J;J;J;J
"Malzbier";100ml;42;0.4;0;10.2;0;105;330;100;Getränke;"Alkoholfreies Malzgetränk, sehr hoher Glykämischer Index aufgrund von Malzzucker.";;0.01;0.02;0.3;0.05;0.04;0.1;5;;;;;;6;12;0.02;0.02;35;0.01;8;0.02;4;18;5;0.01;N;N;N;N;N;N;J;N
"Mandarine";100g;47;0.7;0.3;10.1;1.7;30;75;;Obst;"Werte können je nach Sorte leicht variieren. Mandarinen sind reich an Vitamin C.";18;0.06;0.03;0.3;0.2;0.07;;16;;30;;0.2;1;33;2;0.4;0.01;210;0.04;11;0.04;2;20;10;0.4;J;J;N;N;N;J;J;N
"Mandeln";100g;589;24;53;5.7;12.9;15;30;;Nüsse&Samen;"Süßmandel, getrocknet";;0.22;0.62;3.4;0.4;0.1;10;45;;;;26;;252;40;4.1;0.09;705;1;170;1.9;1;454;150;3.2;J;J;J;J;J;J;J;J
"Manchego";100g;460;26;38;1;0;;30;;Käse;"Spanischer Schafskäse, Nährwerte variieren je nach Reifegrad.";400;0.04;0.4;0.1;0.5;0.1;3;25;2;;0.5;0.6;3;700;1200;0.5;0.05;100;0.04;30;0.02;800;510;240;4;N;J;J;J;J;J;J;J
"Mango";100g;60;0.6;0.4;13.4;1.7;51;200;;Obst;"Reich an Vitamin C";220;0.04;0.05;0.6;0.2;0.13;1.5;31;;37;;1;4;12;4;0.2;0.01;170;0.1;18;0.1;2;13;11;0.1;J;J;N;N;N;J;J;N
"Maracuja";100g;97;2.2;0.7;23.4;10.4;30;60;;Obst;"Auch als Passionsfrucht bekannt. Hoher Gehalt an Ballaststoffen und Vitaminen.";70;0.02;0.13;1.5;0.2;0.1;5;14;;30;;0.1;0.7;12;37;1.6;0.02;348;0.09;29;0.12;28;68;18;0.1;J;J;N;N;N;J;J;N
"Matjesfilet";100g;267;17.8;21.8;0;0;;150;;Fisch&Meeresfrüchte;"Gesalzener und fermentierter Hering. Hoher Gehalt an Omega-3-Fettsäuren. Salzgehalt schwankend.";28;0.03;0.2;4.2;0.6;0.3;4;5;12;;27;1.5;0.1;34;2100;1.2;0.24;330;0.1;30;0.04;1800;250;240;0.9;N;N;J;J;J;J;J;J
"Mezzo Mix";100ml;43;0;0;10.1;0;70;250;100;Getränke;"Mischgetränk aus Cola und Orangenlimonade. Enthält Koffein und Phosphorsäure.";;;;;;;;;;1;;;;2;2;0.02;0.01;2;0.01;1;0.01;4;1;1;0.01;N;N;N;N;N;J;N;N
"Wassermelone";100g;30;0.6;0.2;7.6;0.4;75;200;;Obst;"Hoher Wassergehalt von ca. 92%";28;0.03;0.02;0.2;0.2;0.05;0.1;3;;8;;0.1;0.1;7;1;0.2;0.01;112;0.03;10;0.04;1;11;5;0.1;J;J;N;N;N;J;J;N
"Merguez";100g;285;15.5;24.5;1;0;;100;;Fleisch&Wurst;"Würzige Lamm- oder Rinderbratwurst";;0.12;0.18;4.2;;0.25;;;1.5;1;;0.2;5;15;;1.8;;310;;18;;850;180;;3.2;N;N;J;J;J;J;J;J
"Mettwurst";100g;320;16;28;1;0;;30;;Fleisch&Wurst;"Geräucherte Rohwurst aus Schweinefleisch. Werte können je nach Fettgehalt variieren.";;0.5;0.2;4.5;;0.3;;;1.2;;;0.2;1;10;1200;1.8;;320;0.1;20;;1300;180;;2.5;N;N;J;J;J;J;J;J
"Miesmuscheln";100g;86;11.9;2.2;3.3;0;;150;;Fisch&Meeresfrüchte;"Nährwerte beziehen sich auf den essbaren Anteil (Gegart im eigenen Saft/Dampf)";48;0.16;0.21;1.6;0.5;0.05;;33;12;1;;0.7;0.1;33;470;4.2;0.1;320;0.14;36;0.35;290;197;210;2.3;N;N;J;J;N;J;J;J
"Mineralwasser";100ml;0;0;0;0;0;;250;100;Getränke;"Durchschnittswerte für medium Mineralwasser";;;;;;;;;;;;;;;60;40;0.01;0.1;5;;25;;20;1;10;J;J;J;N;J;J;J;J
"Milch 1,5 %";100ml;47;3.4;1.5;4.9;0;30;200;100;Milchprodukte;"Fettarme Milch, pasteurisiert";16;0.04;0.18;0.1;0.35;0.05;2;5;0.4;1;0.03;0.02;0.3;120;100;0.04;0.02;150;0.01;12;0.003;48;92;28;0.4;N;J;N;N;N;J;N;N
"Milch 3,5 %";100ml;64;3.4;3.5;4.8;0;30;200;100;Milchprodukte;"Enthält Laktose";31;0.04;0.18;0.1;0.35;0.05;3.5;5;0.4;1.5;0.08;0.1;1;120;100;0.05;0.02;150;0.01;12;0.01;48;95;30;0.4;N;J;N;N;N;J;N;N
"Mini Harzer";100g;125;30;0.5;0.1;0;;115;;Käse;"Extrem fettarmer Sauermilchkäse mit hohem Proteingehalt.";10;0.02;0.3;0.1;0.2;0.05;1;15;0.5;;0.1;0.1;1;190;1200;0.1;0.02;80;0.01;20;0.01;500;220;240;1.5;N;J;J;J;J;J;J;J
"Marmelade";100g;250;0.4;0.1;60;1.2;65;20;;Süßwaren;"Werte variieren je nach Fruchtanteil und Zuckergehalt. Durchschnittswerte für Konfitüre Extra.";2;0.01;0.02;0.2;0.05;0.03;0.1;2;;5;;0.2;1;15;10;0.5;0.01;80;0.05;6;0.1;10;12;5;0.1;J;J;N;N;N;J;J;N
"Weizenmehl Type 405";100g;348;10;1;72.3;4;85;100;;Getreide und Teigwaren;"Standardhaushaltsmehl mit niedrigem Ausmahlungsgrad.";;0.06;0.03;0.7;0.25;0.1;1.1;13;;;;0.3;1;15;30;1.2;0.04;120;0.14;25;0.4;2;95;140;0.8;J;J;N;N;N;N;J;J
"Möhren";100g;39;0.8;0.2;6.8;2.8;30;80;;Gemüse;"Frisch, roh. Hoher Beta-Carotin-Gehalt.";852;0.07;0.05;0.6;0.2;0.07;1.5;28;;5;;0.6;13;33;60;0.4;0.03;320;0.04;12;0.14;60;35;14;0.3;J;J;N;N;N;J;J;N
"Monster Energy";100ml;47;0;0;12;0;70;500;100;Getränke;"Angaben beziehen sich auf die klassische grüne Sorte (Original). Enthält Koffein, Taurin und B-Vitamine.";;;0.7;8.5;;0.8;;;2.5;;;;;;;;;;;;;19;;;;N;N;N;N;N;J;J;N
"Mortadella";100g;311;14.2;28.1;0.5;0;;20;;Fleisch&Wurst;"Werte können je nach Fettgehalt und Sorte leicht variieren.";;0.18;0.15;3.8;0.5;0.25;1.5;3;1.2;;0.5;0.2;1;15;1500;1.5;0.04;330;0.08;20;0.04;950;180;140;2.4;N;N;J;J;J;J;J;J
"Mountain Dew";100ml;48;0;0;12.4;0;65;330;100;Getränke;"Koffeinhaltiges Erfrischungsgetränk mit Zitrusgeschmack. Zuckergehalt kann je nach Region variieren.";;;;;;;;;;;;;;1;1;0.1;;3;;1;;12;;;0.01;N;N;N;N;N;J;J;N
"Multivitaminsaft";100ml;45;0.4;0.1;10.5;0.2;45;200;100;Getränke;"Werte können je nach Fruchtmischung und zugesetzten Vitaminen variieren. Typische Anreicherung enthalten.";200;0.2;0.25;3;1;0.3;10;35;0.4;35;;2;1;12;10;0.2;0.01;145;0.1;8;0.1;5;12;1;0.1;J;J;N;N;N;J;J;N
"Mozzarella 8,5 %";100g;165;20.5;8.5;1.5;0;;125;;Käse;"Fettarme Variante des klassischen italienischen Weichkäses. Hoher Proteingehalt.";110;0.02;0.25;0.1;0.2;0.05;2.5;15;1.6;;0.2;0.1;1.5;450;250;0.2;0.02;80;0.01;20;0.01;180;350;210;2.5;N;J;N;J;N;J;N;J
"Mozzarella 20 %";100g;165;21;8.5;1;0;;125;;Käse;"Fettgehalt absolut ca. 8,5g bei 20% Fett i. Tr.";190;0.02;0.25;0.1;0.15;0.05;3.5;20;1.6;;0.2;0.2;1.5;400;350;0.2;0.02;80;0.01;20;0.01;200;350;210;2.1;N;J;N;J;N;J;N;J
"Nektarine";100g;44;1;0.3;9.1;1.7;35;150;;Obst;"Frisch, roh";20;0.03;0.03;0.9;0.15;0.03;0.5;5;;9;;0.8;2.2;6;1;0.3;0.01;210;0.07;9;0.04;1;26;5;0.1;J;J;N;N;N;J;J;N
"Lachs (Norwegen)";100g;208;20;13;0;0;;150;;Fisch&Meeresfrüchte;"Reich an Omega-3-Fettsäuren";19;0.2;0.15;7.5;0.75;0.6;5;8;3.5;;16;1.5;10;12;60;0.7;0.04;360;0.05;27;0.02;45;240;220;0.6;N;N;J;J;J;J;J;J
"Nudeln (Hartweizen, trocken)";100g;359;12.5;1.5;71;3.4;50;100;;Brot&Teigwaren;"Enthält Gluten";;0.18;0.06;1.3;0.4;0.15;1.5;25;;;;0.5;1;25;45;1.5;0.04;190;0.2;50;0.6;5;165;140;1.4;J;J;N;N;N;N;J;J
"Nürnberger Rostbratwurst";100g;312;13.5;28.5;1;0;;25;;Fleisch&Wurst;"Werte können je nach Hersteller variieren. Hoher Fett- und Salzgehalt.";;0.5;0.2;4.5;;0.3;;;1.2;;;0.2;1;12;1200;1.8;;240;0.12;18;0.05;850;180;;2.5;N;N;J;J;J;J;J;J
"Olivenöl";100g;884;0;99.8;0;0;;15;;Öle&Fette;"Nativ extra, reich an einfach ungesättigten Fettsäuren.";;;;;;;;;;;;12;60;1;;0.6;;1;;;;2;;;;J;J;J;N;J;J;J;J
"Orange";100g;47;1;0.2;9.1;2.2;35;150;;Obst;"Frisch, geschält. Reich an Vitamin C.";20;0.07;0.04;0.4;0.25;0.06;1;30;;50;;0.2;1;40;4;0.1;0.04;165;0.04;14;0.02;1;22;9;0.1;J;J;N;N;N;J;J;N
"Orangensaft";100ml;45;0.7;0.2;9;0.2;50;200;100;Getränke;"Frisch gepresst oder 100% Fruchtgehalt ohne Zuckerzusatz.";2;0.07;0.03;0.3;0.19;0.05;1;30;;45;;0.2;0.1;11;4;0.2;0.01;190;0.03;12;0.02;1;17;11;0.1;J;J;N;N;N;J;J;N
"Papaya";100g;32;0.5;0.1;7.1;1.9;59;200;;Obst;"Reich an Vitamin C";28;0.03;0.04;0.4;0.2;0.04;0.4;38;;80;;0.5;2.6;24;5;0.4;0.01;211;0.04;41;0.04;3;16;14;0.2;J;J;N;N;N;J;J;N
"Paprika (grün)";100g;23;1.1;0.2;3.8;1.3;15;150;;Gemüse;"Durchschnittswerte für grüne und gelbe Paprika. Rote Paprika enthalten meist mehr Vitamin C.";45;0.03;0.03;0.3;0.2;0.2;0.9;26;;115;;0.8;10;10;4;0.4;0.01;195;0.09;11;0.09;2;22;14;0.1;J;J;N;N;N;J;J;N
"Paprika (rot)";100g;31;1.1;0.3;6;2.1;15;150;;Gemüse;"Paprika ist besonders reich an Vitamin C. Vitamin A ist hier als Retinoläquivalent (Beta-Carotin) berechnet.";350;0.04;0.05;0.4;0.2;0.2;1;22;;140;;0.8;5;10;5;0.4;0.01;211;0.07;12;0.1;2;26;15;0.1;J;J;N;N;N;J;J;N
"Paprikalyoner";100g;287;11;26.5;1;0.4;;20;;Fleisch&Wurst;"Werte können je nach Fettanteil und Paprikagehalt leicht variieren.";40;0.15;0.18;3.5;0.6;0.25;1.5;5;0.6;15;0.3;0.4;3;15;1500;1.5;0.04;250;0.1;18;0.04;950;180;140;2.2;N;N;J;N;N;J;J;N
"Paranüsse";100g;670;14.3;66.8;3.6;6.7;15;30;;Nüsse&Samen;"Extrem hoher Selengehalt, zwei Kerne decken meist den Tagesbedarf.";;0.62;0.03;0.3;0.2;0.1;;22;;0.7;;5.7;;160;;3.4;;644;1.7;376;1.2;3;725;;4;J;J;J;N;N;J;J;N
"Parmesan 32 %";100g;392;35.8;28.4;0;0;;30;;Käse;"Hartkäse, Fettgehalt absolut ca. 28-30g bei 32% i. Tr. aufgrund der Trockenmasse";280;0.03;0.35;0.1;0.5;0.11;1.5;7;1.5;;0.6;0.3;1.5;1178;1100;0.2;0.04;125;0.03;44;0.02;704;694;240;4.5;N;J;J;J;J;J;J;J
"Pastinaken";100g;75;1.3;0.5;12.1;4.5;52;200;;Gemüse;"Frische Pastinaken, roh gegart ähnlich. Reich an Kalium und Ballaststoffen.";;0.08;0.09;0.9;0.6;0.1;1;67;;18;;1.1;0.3;37;45;0.7;0.01;450;0.1;25;0.2;10;70;25;0.3;J;J;N;N;N;J;J;N
"Pekannüsse";100g;691;9.2;72;4.3;9.6;15;30;;Nüsse&Samen;"Hoher Gehalt an ungesättigten Fettsäuren und Mangan.";2;0.66;0.13;1.2;0.86;0.21;10;22;;1.1;;0.7;3.5;70;21;2.5;0.01;410;1.2;121;4.5;1;277;110;4.5;J;J;J;N;N;J;J;N
"Pepsi Cola";100ml;43;0;0;10.7;0;60;250;100;Getränke;"Standard-Version mit Zucker. Phosphorsäure dient als Säuerungsmittel.";;;;;;;;;;;;;;2;4;0.02;0.01;1;0.01;1;0.01;4;13;1;0.01;J;J;N;N;N;J;J;N
"Pecorino Romano 32 %";100g;392;25;32.4;0;0;;30;;Käse;"Die Nährwerte beziehen sich auf den verzehrfertigen Käse. 32% Fett i. Tr. entspricht ca. 21% absolutem Fettgehalt, Pecorino Romano ist jedoch meistens ein Hartkäse mit ca. 32g Fett absolut pro 100g. Anpassung auf klassischen Hartkäse-Standard.";280;0.03;0.3;0.1;0.4;0.08;3;20;1.5;;0.3;0.6;3;1160;2100;0.7;0.04;90;0.06;45;0.02;1800;760;240;4.4;N;J;J;J;J;J;J;J
"Pfirsich";100g;41;0.8;0.1;8.3;1.7;35;150;;Obst;"Frischer Pfirsich, Durchschnittswerte";43;0.02;0.03;0.9;0.17;0.02;1.7;4;;9;;0.5;9;8;2;0.4;0.01;205;0.06;9;0.04;1;22;11;0.1;J;J;N;N;N;J;J;N
"Pflaume";100g;46;0.6;0.2;10.2;1.7;35;150;;Obst;"Frisch, Durchschnittswert";46;0.02;0.03;0.4;0.15;0.04;0.5;3;;5;;0.8;10;6;2;0.4;0.01;221;0.08;10;0.06;2;22;11;0.1;J;J;N;N;N;J;J;N
"Physalis";100g;76;2.3;1.1;13.3;4.9;15;100;;Obst;"Reich an Vitamin C";42;0.11;0.04;2.8;;;;;;28;;0.5;;13;;1.5;;333;;26;;1;40;;0.1;J;J;N;N;N;J;J;N
"Pinienkerne";100g;673;13.7;68.4;13.1;3.7;15;30;;Nüsse&Samen;"Reich an ungesättigten Fettsäuren";1;0.36;0.23;4.4;0.31;0.09;10;58;;0.8;;9.3;54;16;15;5.5;0.04;597;1.3;251;8.8;2;575;180;6.4;J;J;N;N;N;J;J;N
"Pistazien";100g;615;20.2;51.6;11.7;10.6;15;30;;Nüsse&Samen;"Geröstet und ungesalzen (Durchschnittswerte)";25;0.87;0.16;1.3;0.5;1.7;12;58;;5;;2.3;13.2;105;130;7.3;0.1;1020;1.3;121;1.2;4;490;140;2.4;J;J;N;J;N;J;J;N
"Presssack (rot)";100g;286;12.7;26.1;0.5;0;;50;;Fleisch&Wurst;"Auch als Blutpresssack bekannt";;45;0.05;0.1;1.8;0.4;0.1;1.5;5;5.2;;0.4;0.2;1;10;1600;5.8;0.1;120;0.1;15;0.04;980;180;140;N;N;J;N;J;J;J;J
"Proteinpulver (Molkenprotein)";100g;370;78.5;3.5;5.2;0.5;30;30;;Sonstiges;"Durchschnittswerte für Whey-Konzentrat";;;0.1;1.2;;;0.1;;;1.5;1;;;;550;;0.8;;380;;60;;250;380;;N;J;J;J;J;J;N;J
"Putenbrust";100g;105;24;1;0;0;;150;;Fleisch&Wurst;"Frisch, gegart ohne Haut";4;0.06;0.1;9.5;0.7;0.5;1.5;8;1.4;;0.2;0.2;1;7;60;0.7;0.01;330;0.05;28;0.02;45;215;240;1;N;N;J;J;J;J;J;J
"Putenfleisch (Brust)";100g;107;24.1;1.1;0;0;;150;;Fleisch&Wurst;"Mageres Geflügelfleisch, Werte können je nach Teilstück variieren";;4;0.06;0.1;9.3;0.7;0.5;1.8;8;1.1;;0.3;0.2;;6;60;1.2;0.04;330;0.1;28;0.02;50;220;240;N;N;J;J;J;J;J;J
"Putenkeule (mit Haut)";100g;165;20.5;9.2;0;0;;200;;Fleisch&Wurst;"Werte können je nach Hautanteil variieren";;20;0.08;0.18;4.5;0.8;0.35;3;8;1.5;;0.1;0.2;1;15;75;1.8;0.02;280;0.1;22;0.02;65;185;210;N;N;J;J;J;J;J;J
"Putenoberkeule (ohne Haut)";100g;145;19.8;7.3;0;0;;200;;Fleisch&Wurst;"Mageres Fleisch";;0.08;0.18;5.2;0.8;0.35;3;8;1.4;;;0.2;;11;74;1.5;0.02;300;0.1;22;0.02;65;185;210;2.4;N;N;J;J;J;J;J;J
"Putenschnitzel";100g;105;24.1;1.1;0;0;;150;;Fleisch&Wurst;"Frisch, roh, ohne Panade. Mageres Geflügelbrustfleisch.";4;0.06;0.1;11;0.8;0.5;2;7;1.5;;0.2;0.2;1;12;60;1;0.02;330;0.06;28;0.02;50;220;240;1.6;N;N;J;J;J;J;J;J
"Putensteak";100g;107;23.5;1.5;0;0;;150;;Fleisch&Wurst;"Frisch, roh, ohne Haut";2;0.07;0.12;9.5;0.75;0.55;1.5;6;1.2;;0.4;0.15;1;6;60;1;0.015;330;0.06;25;0.02;45;210;240;1.5;N;N;J;J;J;J;J;J
"Quark 20 %";100g;101;10.2;5.1;3.6;0;30;250;;Milchprodukte;"20% Fett in der Trockenmasse entspricht ca. 5% Fett absolut bei Quark.";28;0.03;0.2;0.2;0.4;0.06;4;15;0.9;;0.04;0.1;1;95;120;0.1;0.02;120;0.01;11;;40;160;18;0.6;N;J;N;N;N;J;N;N
"Quark 40 %";100g;155;10.5;11.2;3.2;0;30;250;;Milchprodukte;"Speisequark der Fettstufe (Sahnequark)";110;0.03;0.2;0.1;0.35;0.07;3.5;15;0.9;1;0.2;0.3;3;95;100;0.1;0.02;120;0.02;12;0.01;35;150;15;0.6;N;J;N;N;N;J;N;N
"Quinoa (ungekocht)";100g;368;14.1;6.1;58.5;7;53;60;;Nüsse&Samen;"Pseudogetreide mit hohem Protein- und Magnesiumgehalt. Angaben beziehen sich auf das trockene Korn.";1;0.36;0.32;1.52;0.77;0.49;0.000007;184;;;;2.4;;47;120;4.6;0.04;563;0.59;197;2;5;457;180;3.1;J;J;N;N;N;J;J;N
"Quitte";100g;40;0.4;0.5;7.3;5.9;35;200;;Obst;"Roh kaum genießbar, meist gekocht als Gelee oder Mus verzehrt. Hoher Pektingehalt.";22;0.02;0.02;0.2;0.1;0.04;0.1;13;;13;;0.5;4.5;11;5;0.7;0.02;197;0.13;8;0.06;4;17;14;0.04;J;J;N;N;N;J;J;N
"Radieschen";100g;16;1.1;0.1;2.1;1.6;15;10;;Gemüse;"Reich an Vitamin C";4;0.03;0.04;0.3;0.18;0.06;1.5;25;;26;;;1.3;35;21;1.2;0.01;255;0.01;8;0.05;17;28;40;0.1;J;J;J;N;J;J;J;J
"Radler (alkoholfrei)";100ml;24;0.2;0;5.5;0;60;330;100;Getränke;"Mischgetränk aus alkoholfreiem Bier und Zitronenlimonade. Werte können je nach Mischverhältnis leicht variieren.";;0.01;0.01;0.4;0.05;0.02;0.5;5;0.1;2;;;;6;10;0.02;0.02;35;0.01;6;0.02;4;12;5;0.02;J;J;N;N;N;N;J;N
"Rapsöl";100g;884;0;100;0;0;;10;;Öle&Fette;"Reich an ungesättigten Fettsäuren und Vitamin E.";;;;;;;;;;;;17.5;71;;;;;;;;;;;;;J;J;J;N;J;J;J;J
"Red Bull";100ml;45;0;0;11;0;70;250;100;Getränke;"Enthält Koffein (32mg/100ml) und Taurin. Klassischer Energy Drink.";;;;8;2;2;;;2;;;;;18;10;0.1;;2;;2;;40;18;;0.04;J;J;N;N;N;J;J;N
"Regenbogen Forelle";100g;103;19.5;2.7;0;0;;150;;Fisch&Meeresfrüchte;"Frisch, roh";;16;0.12;0.1;4.4;0.7;0.35;5;7;4.5;;19;0.2;0.1;24;60;1;0.04;380;0.04;28;0.02;50;220;240;N;N;J;J;J;J;J;J
"Reis (roh)";100g;353;6.8;0.6;74.1;1.4;70;100;;Getreide und Teigwaren;"Hoher Kohlenhydratanteil";;0.06;0.03;1.3;0.6;0.15;0.5;9;;;;0.1;1;6;47;0.7;0.04;103;0.1;28;0.6;5;95;110;1.4;J;J;N;N;N;J;J;N
"Rhabarber";100g;13;0.6;0.1;1.4;1.8;15;200;;Gemüse;"Saisonal, hoher Oxalsäuregehalt";2;0.02;0.03;0.3;0.1;0.02;0.5;7;;10;;0.2;29;86;22;0.2;0.01;270;0.03;12;0.2;4;25;11;0.1;J;J;J;N;J;J;J;J
"Rotbarsch";100g;105;18.2;3.5;0;0;;150;;Fisch&Meeresfrüchte;"Frisch, roh";;15;0.07;0.12;3.8;0.4;0.25;1.5;8;3.5;;2.3;0.8;1;22;120;0.9;0.04;345;0.04;30;0.02;84;210;240;N;N;J;J;J;J;J;J
"Ricotta 13 %";100g;154;7.5;13;3;0;27;30;;Käse;"Frischkäse aus Schaf- oder Kuhmilchmolke";112;0.02;0.18;0.1;0.25;0.04;1.5;12;0.3;;0.2;0.3;1;207;120;0.4;0.02;105;0.02;11;0.01;84;158;50;1.1;N;J;N;N;N;J;N;N
"Rehkeule";100g;108;22.4;1.9;0;0;;150;;Fleisch&Wurst;"Mageres Wildfleisch, frisch, roh";4;0.18;0.25;8.2;0.7;0.45;3;8;2.8;;;0.3;;7;60;3.2;0.04;335;0.25;26;0.02;60;220;210;4.4;N;N;J;J;J;J;J;J
"Rehrücken";100g;102;22;1.5;0;0;;150;;Fleisch&Wurst;"Mageres Wildfleisch, Reich an B-Vitaminen und Eisen.";;0.25;0.3;7.4;0.7;0.5;1;6;2;;1;0.2;;6;45;3;0.02;330;0.18;23;0.02;48;210;220;3.5;N;N;J;J;J;J;J;J
"Rinderbraten";100g;165;22;8.5;0;0;;150;;Fleisch&Wurst;"Magerer Rinderbraten, gegart. Nährwerte können je nach Fettanteil variieren.";5;0.07;0.18;5;0.5;0.35;2;8;2.5;;;0.3;1;6;60;2.5;0.02;330;0.1;22;0.02;50;200;210;4.5;N;N;J;J;J;J;J;J
"Rinderfilet";100g;121;21.2;4;0;0;;200;;Fleisch&Wurst;"Frisch, roh, mager";4;0.09;0.18;5.2;0.5;0.4;3;5;2;;0.4;0.2;3;4;60;2.3;0.02;345;0.1;22;0.02;50;210;230;4.4;N;N;J;J;J;J;J;J
"Rindergulasch";100g;172;21.2;9.5;0;0;;250;;Fleisch&Wurst;"Werte beziehen sich auf mageres Rindfleisch, roh. Zubereitet mit Sauce weichen die Werte ab.";;0.09;0.18;5.2;0.5;0.4;3;8;2;;;0.5;1;6;80;2.5;0.02;330;0.1;22;0.02;50;190;210;4.5;N;N;J;J;J;J;J;J
"Rinderhackfleisch";100g;235;19;17;0;0;;150;;Fleisch&Wurst;"Durchschnittswerte für Beef mit Fettanteil von ca. 15-20%";5;0.07;0.18;5.2;0.5;0.4;3;7;2.1;;0.4;0.2;2;10;70;2.3;0.02;330;0.1;22;0.01;65;180;210;4.5;N;N;J;J;J;J;J;J
"Rinderhüfte";100g;118;21.5;3.5;0;0;;200;;Fleisch&Wurst;"Mageres Teilstück vom Rind, ideal zum Kurzbraten.";;0.09;0.18;5.2;0.5;0.4;3;8;2.2;;;0.2;;4;60;2.5;0.02;345;0.1;22;0.02;50;200;220;4.5;N;N;J;J;J;J;J;J
"Rinderroulade";100g;159;22.5;6.8;1.5;0.2;;200;;Fleisch&Wurst;"Werte inkl. Füllung (Speck, Zwiebel, Gurke) und Sauce, gegart. Kann je nach Rezept variieren.";15;0.08;0.18;5.2;0.5;0.4;2.5;8;2.5;1;0.1;0.4;3;15;80;2.4;0.02;320;0.1;22;0.05;380;180;210;4.1;N;N;N;J;N;J;J;J
"Rindersalami";100g;420;22;38;1;0;;20;;Fleisch&Wurst;"Werte können je nach Reifegrad und Fettgehalt variieren. Hoher Natriumgehalt durch Pökelung.";;0.2;0.2;5.2;0.6;0.3;;;2.5;;0.5;0.4;10;15;1800;2.8;;450;0.1;25;0.04;1600;220;;4.5;N;N;J;J;J;J;J;J
"Rinderschnitzel";100g;108;22.5;2;0;0;;150;;Fleisch&Wurst;"Mageres Rindfleisch aus der Oberschale oder dem Rücken, roh gewogen.";;0.07;0.18;5.2;0.5;0.5;1.5;5;2;;0.1;0.2;1.5;4;60;2.3;0.02;345;0.1;22;0.01;45;190;210;4.1;N;N;J;J;J;J;J;J
"Roastbeef";100g;120;22;3.5;0;0;;150;;Fleisch&Wurst;"Mageres Rindfleisch, gegart/gebraten";;4;0.07;0.18;5.2;0.4;0.35;2.5;8;2.2;;0.1;0.2;1;7;60;2.3;0.02;330;0.1;22;0.01;50;200;210;N;N;J;J;J;J;J;J
"Sauerbraten (Rind)";100g;165;23;6.5;3.5;0.2;15;200;;Fleisch&Wurst;"Werte beinhalten Sauce und Marinade";;12;0.07;0.18;4.8;0.5;0.35;3.5;8;2.8;1;0.1;0.4;3;15;450;2.3;0.02;320;0.1;22;0.05;380;180;190;N;N;N;J;N;J;J;J
"Romanasalat";100g;15;1.2;0.2;1.2;1.7;15;150;;Gemüse;"Auch bekannt als Römischer Salat oder Bindesalat. Reich an Vitamin K und Beta-Carotin.";290;0.07;0.07;0.3;0.14;0.07;1;136;;24;;0.2;102;33;45;1;0.01;247;0.03;14;0.1;8;30;11;0.2;J;J;J;N;J;J;J;J
"Rosenkohl";100g;43;3.8;0.3;3.3;4.4;15;200;;Gemüse;"Frisch, gegart weichen die Werte leicht ab. Guter Vitamin C Lieferant.";42;0.1;0.12;0.9;0.5;0.2;1.5;101;;112;;1;236;31;21;1.3;0.01;387;0.07;22;0.2;5;71;110;0.4;J;J;N;N;N;J;J;N
"Rote Bete (Glas)";100g;42;1.2;0.1;8.4;2.6;64;150;;Gemüse;"Werte können je nach Essig- und Zuckerzusatz leicht variieren. Natriumgehalt durch Einlegen oft höher als bei frischer Ware.";2;0.02;0.04;0.2;0.1;0.05;;50;;5;;0.04;3;16;45;0.8;0.01;350;0.07;23;0.3;40;35;15;0.3;J;J;N;N;N;J;J;N
"Rote Bete (vorgegart)";100g;43;1.5;0.1;8.4;2.5;64;150;;Gemüse;"Vakuumierte, bereits gekochte Rote Bete ohne Zusätze. Hoher Nitratgehalt.";2;0.03;0.04;0.2;0.1;0.05;;80;;5;;0.04;3;16;60;0.8;0.02;300;0.07;20;0.3;60;35;20;0.3;J;J;N;N;N;J;J;N
"Rotkohl";100g;22;1.5;0.2;3.5;2.5;15;200;;Gemüse;"Frisch, roh";;4;0.04;0.04;0.4;0.2;0.2;1.5;40;;50;;0.1;1.5;50;40;0.5;0.01;260;0.03;15;0.15;5;30;60;J;J;N;N;N;J;J;N
"Salami";100g;380;20;34;1;0;;30;;Fleisch&Wurst;"Durchschnittswerte für luftgetrocknete Salami";;;0.3;0.2;5;0.6;0.3;1;5;1.5;;0.5;0.2;5;15;1200;2;0.05;350;0.1;20;0.04;1500;200;180;N;N;J;J;J;J;J;N
"Sanddornbeeren";100g;82;0.7;5;3.3;4;30;50;;Obst;"Extrem hoher Vitamin C Gehalt. Vitamin-Werte können je nach Sorte stark variieren.";250;0.03;0.05;0.4;0.2;0.1;1.5;8;;450;;3;10;42;12;0.4;0.02;133;0.1;30;0.3;4;10;14;0.3;J;J;N;N;N;J;J;N
"Sardinen (abgetropft)";100g;208;24.6;11.5;0;0;;125;;Fisch&Meeresfrüchte;"In Öl eingelegt, nach dem Abtropfen. Werte können je nach Zubereitung variieren. Sehr reich an Omega-3-Fettsäuren.";32;0.02;0.23;5.2;0.6;0.17;5;10;8.9;;11;1.5;2;382;500;2.9;0.1;397;0.2;39;0.1;400;490;240;1.3;N;N;J;J;J;J;J;J
"Sauerkirschen";100g;50;0.9;0.3;10.2;1.3;25;125;;Obst;"Frisch, entkernt";40;0.04;0.04;0.4;0.1;0.05;0.4;8;;12;;0.1;3;8;4;0.6;0.01;114;0.12;8;0.04;2;19;11;0.1;J;J;N;N;N;J;J;N
"Sauerkraut";100g;19;1.1;0.3;1;2.5;15;200;;Gemüse;"Milchsauer vergorener Weißkohl, Gehalt an Vitamin C und Natrium kann je nach Zubereitung variieren. Geheiratet wird meist von Durchschnittswerten aus der Dose/Glas.";2;0.03;0.03;0.18;0.12;0.16;0.5;24;;15;;0.1;13;48;600;0.6;0.01;288;0.06;14;0.12;500;29;30;0.2;J;J;J;N;J;J;J;N
"Schafskäse 45 %";100g;282.4;17.2;23.5;0.5;0;;30;;Käse;"Werte können je nach Reifegrad und Salzlake variieren. Typischer Feta-Stil.";246;0.04;0.21;0.2;0.4;0.07;1.8;32;1.1;;0.4;0.4;3;429;1200;0.7;0.02;62;0.04;20;0.02;1100;337;210;2.9;N;J;J;J;J;J;J;J
"Schokolade Dunkel (70%)";100g;598;7.8;43;34;11;25;25;;Süßwaren;"Werte variieren je nach Kakaoanteil und Hersteller. Hoher Gehalt an Flavonoiden.";4;0.05;0.1;0.9;0.4;0.04;;10;;;1.6;0.7;7;73;20;12;0.04;715;1.8;230;1.9;20;308;;3.3;N;J;N;N;N;J;N;N
"Schokolade Dunkel (85%)";100g;598;9;50;19;12;25;20;;Süßwaren;"Hoher Kakaoanteil, reich an Flavonoiden und Magnesium.";4;0.04;0.1;0.7;0.4;0.04;;8;0.1;;;1.5;8;65;;12;;715;1.8;230;1.9;15;320;;3.5;N;J;N;N;N;J;N;N
"Schokolade Dunkel (100%)";100g;601;12;54.5;8.1;15;20;20;;Süßwaren;"100% Kakaoanteil, ungesüßt";4;0.06;0.15;1.1;0.4;0.04;;15;;;;1.2;7.3;73;;12;;715;3.8;230;3.8;20;308;;6.8;J;J;N;N;N;J;J;N
"Schokolade Erdbeer-Joghurt";100g;560;6;38.2;49.1;1.2;45;100;;Süßwaren;"Werte variieren je nach Kakaoanteil und Joghurt-Füllung";;45;0.04;0.18;0.1;;0.04;;8;;1.5;;0.4;;180;;1.1;;330;;50;;90;190;;N;J;N;N;N;N;N;N
"Haselnussschokolade";100g;575;7.8;38.8;47.3;4.5;45;25;;Süßwaren;"Durchschnittswerte für Milchschokolade mit ganzen Haselnüssen.";40;0.1;0.25;1.2;0.5;0.08;5;25;0.4;1;0.2;6.2;5;155;40;2.8;0.04;450;0.5;105;0.8;50;220;75;1.6;N;J;N;N;N;N;N;N
"Schokolade Keks & Crunch";100g;548;6.1;32.4;57;2.1;60;25;;Süßwaren;"Durchschnittswerte für Milchschokolade mit Keks- und Getreidestückchen";45;0.08;0.2;0.4;;;;10;0.4;1;;0.8;;180;120;1.5;;330;;50;;90;170;;1.1;N;J;N;N;N;N;N;N
"Schokolade Mandelsplitter";100g;560;9.1;38.2;41.5;6.2;45;25;;Süßwaren;"Werte variieren je nach Kakaoanteil und Milchgehalt der Schokolade";;40;0.12;0.35;1.2;;;;35;;0.5;;8.5;;180;;3.2;;550;;120;;40;280;;N;J;N;N;N;J;N;N
"Marzipanschokolade";100g;495;5.8;28.1;52.5;4.5;65;100;;Süßwaren;"Enthält Mandeln";;0.07;0.12;0.9;;;;;;;;4.5;4.2;65;;2.8;;330;;66;;15;145;;1.2;N;J;N;N;N;N;N;N
"Schokolade Noisette";100g;557;7.4;35.8;51.3;3;45;100;;Süßwaren;"Vollmilchschokolade mit Haselnussmark (Ghazelnut)";40;0.1;0.3;0.8;0.6;0.1;4;15;0.5;1;0.2;4;3;180;80;2;0.04;450;0.5;80;0.4;60;220;50;1.5;N;J;N;N;N;N;N;N
"Nougat-Schokolade";100g;550;6.5;34;54;3.5;45;100;;Süßwaren;"Enthält Haselnüsse";40;0.08;0.3;0.8;;;;15;;1;;4.5;;160;;2.1;;380;;65;;60;180;;1.2;N;J;N;N;N;N;N;N
"Vollmilchschokolade";100g;535;6.7;30.4;56.4;2.1;45;100;;Süßwaren;"Enthält Laktose";45;0.04;0.2;0.2;0.4;0.05;3;8;0.5;1;;0.6;4;189;120;1.2;0.04;372;0.3;58;0.25;78;209;90;1.1;N;J;N;N;N;N;N;N
"Schokolade Weiß";100g;539;5.9;32.1;59;0;45;25;;Süßwaren;"Weiße Schokolade besteht hauptsächlich aus Kakaobutter, Milchpulver und Zucker.";45;0.06;0.41;0.1;0.5;0.05;4;8;0.5;;0.2;1.3;4;199;150;0.2;0.04;286;0.02;26;0.01;90;176;75;0.8;N;J;N;N;N;N;N;N
"Scholle";100g;86;18.1;1.5;0;0;;150;;Fisch&Meeresfrüchte;"Magerer Speisefisch, reich an Jod und Selen. Werte beziehen sich auf den Rohzustand.";10;0.05;0.1;2.2;0.2;0.2;1;5;1.5;;1.1;0.5;1;20;120;0.7;0.04;330;0.02;25;0.01;90;200;210;0.5;N;N;J;J;J;J;J;J
"Schwarzwälder Schinken";100g;235;29.5;12.5;1;0;;20;;Fleisch&Wurst;"Geräucherter und luftgetrockneter Rohschinken";;;0.65;0.2;5.5;;0.5;;;0.6;;;0.2;;10;;2.1;;380;;18;;2200;190;;N;N;J;J;J;J;J;N
"Schweinebauch";100g;263;15.2;22.5;0;0;;150;;Fleisch&Wurst;"Frisch, roh. Werte können je nach Fettanteil variieren.";4;0.6;0.18;4.1;0.6;0.35;3;4;0.6;;0.4;0.3;1;8;55;1;0.04;260;0.08;18;0.02;50;150;140;2.1;N;N;J;J;J;J;J;J
"Schweinebraten";100g;242;22.5;16.8;0;0;;150;;Fleisch&Wurst;"Werte beziehen sich auf gegarten Schweinebraten ohne Sauce.";3;0.65;0.2;4.5;0.6;0.4;3.5;4;0.6;;0.5;0.2;1;8;50;1.5;0.02;330;0.1;22;0.02;55;180;210;2.4;N;N;J;J;J;J;J;J
"Schweinefilet";100g;105;21;2;0;0;;150;;Fleisch&Wurst;"Mageres Teilstück vom Schwein, reich an Protein und Vitamin B1.";2;0.9;0.2;5.2;0.6;0.5;4;4;0.6;;0.4;0.1;1;6;45;1.2;0.04;380;0.1;25;0.02;50;215;240;2.4;N;N;J;J;J;J;J;J
"Schweinegeschnetzeltes";100g;118;21.5;3.5;0;0;;200;;Fleisch&Wurst;"Werte beziehen sich auf rohes, mageres Schweinefleisch (z.B. aus der Oberschale) ohne Butter oder Öl zubereitet.";2;0.9;0.2;5.2;0.7;0.5;4;4;0.6;;0.5;0.1;1;6;50;1.5;0.01;380;0.1;25;0.02;60;220;220;2.4;N;N;J;J;J;J;J;J
"Schweinegulasch";100g;120;20.5;4.3;0;0;;200;;Fleisch&Wurst;"Mageres Muskelfleisch vom Schwein, roh/unzubereitet.";2;0.8;0.2;5.2;0.7;0.5;4;4;0.7;;0.4;0.1;1;6;55;1.8;0.03;360;0.08;23;0.01;60;190;210;2.4;N;N;J;J;J;J;J;J
"Schweinehackfleisch";100g;263;19.5;20.5;0;0;;125;;Fleisch&Wurst;"Frisch, roh. Fettgehalt kann variieren.";4;0.67;0.18;4.7;0.6;0.35;4;4;1.1;;0.5;0.1;1;8;55;1.1;0.02;300;0.06;19;0.01;65;170;210;2.4;N;N;J;J;J;J;J;J
"Schweinehaxe";100g;220;20.2;15.5;0;0;;400;;Fleisch&Wurst;"Werte beziehen sich auf die gegarte Haxe ohne Knochen, inklusive Schwarte. Schwankungen je nach Fettanteil möglich.";5;0.65;0.25;4.8;0.6;0.4;4;4;0.8;;0.5;0.2;1;10;60;1.8;0.02;280;0.1;20;0.02;80;180;210;3.2;N;N;J;J;J;J;J;J
"Schweinekotelett";100g;195;22;11.8;0;0;;200;;Fleisch&Wurst;"Reich an Vitamin B";4;0.8;0.2;5.2;0.6;0.4;3;4;0.6;;0.5;0.1;;8;45;1;0.02;330;0.1;23;0.02;55;190;210;2.2;N;N;J;J;J;J;J;J
"Schweinelende";100g;105;21.5;2.1;0;0;;150;;Fleisch&Wurst;"Mageres Teilstück vom Schwein, auch Schweinefilet genannt. Rohwerte.";2;0.95;0.2;5.2;0.7;0.5;3;4;0.6;;0.5;0.1;1;6;45;1;0.02;370;0.07;25;0.01;55;220;240;2.1;N;N;J;J;J;J;J;J
"Schweinenacken";100g;231;19.5;17;0;0;;150;;Fleisch&Wurst;"Frisch, roh";;4;0.8;0.25;4.8;0.7;0.45;4;4;0.7;;1.1;0.2;1;8;55;1.5;0.02;330;0.1;21;0.02;65;190;210;N;N;J;J;J;J;J;J
"Schweineschnitzel";100g;114;23.1;1.9;0;0;;150;;Fleisch&Wurst;"Frisch, roh, mager";4;0.9;0.2;5.2;0.6;0.5;3;4;0.6;;0.2;0.1;1;6;45;1.1;0.015;375;0.05;26;0.02;50;220;240;2.4;N;N;J;J;J;J;J;J
"Seelachs (Köhler)";100g;81;18.3;0.6;0;0;;150;;Fisch&Meeresfrüchte;"Frisch, roh. Auch bekannt als Köhler. Magerfisch.";4;0.06;0.15;3.8;0.25;0.2;1;5;3.5;1;1.3;0.5;1;15;120;0.5;0.1;330;0.04;25;0.02;90;200;210;0.4;N;N;J;J;J;J;J;J
"Staudensellerie";100g;15.8;0.7;0.2;2.2;1.6;15;150;;Gemüse;"Auch Bleichsellerie genannt, besonders kalorienarm und wasserreich.";11;0.02;0.03;0.3;0.25;0.06;1;12;;7;;0.3;29;40;150;0.2;0.01;260;0.04;11;0.1;80;24;14;0.1;J;J;J;N;N;J;J;J
"Senf";100g;100;6.1;6.4;5.2;3.4;10;10;;Gewürze;"Mittelscharfer Tafelsenf";;1;0.06;0.04;1.1;0.2;0.1;;20;;1;;1.2;5;73;1200;2;;170;0.2;50;0.5;900;120;;J;J;J;N;N;J;J;J
"Serrano Schinken";100g;230;29.5;12.5;0.5;0;;20;;Fleisch&Wurst;"Luftgetrockneter Schinken";;0.6;0.25;5.2;0.6;0.5;3;5;0.9;;0.4;0.2;0.1;10;2100;1.8;0.04;330;0.1;20;0.02;2000;180;240;2.4;N;N;J;J;J;J;J;J
"Sesamöl";100g;884;0;100;0;0;;10;;Öle&Fette;"Reines Pflanzenöl aus Sesamsamen. Hoher Anteil an ungesättigten Fettsäuren.";;;;;;;;;;;;1.4;13.6;;;;;;;;;;;;;J;J;J;N;J;J;J;J
"Sonnenblumenkerne";100g;584;22.5;49.6;11.4;8.6;35;30;;Nüsse&Samen;"Reich an Vitamin E";2;1.48;0.35;4.5;1.1;1.2;55;230;;1.4;;37.8;5.4;78;40;5.3;0.04;737;1.8;325;1.9;2;600;240;5.1;J;J;N;J;N;J;J;J
"Sonnenblumenöl";100g;884;0;100;0;0;;10;;Öle&Fette;"Hoher Gehalt an Vitamin E und Linolsäure. Nur bedingt zum scharfen Anbraten geeignet (außer High-Oleic-Varianten).";;;;;;;;;;;;48;5;;;;;;;;;;;;;J;J;J;N;J;J;J;J
"Spezi";100ml;37;0;0;9.1;0;70;250;100;Getränke;"Mischgetränk aus Cola und Orangenlimonade. Werte können je nach Hersteller leicht variieren.";;;;0.1;;0.01;;1;;2;;;;2;0.5;0.02;0.01;5;0.01;2;0.01;4;5;1;0.01;J;J;N;N;N;J;J;N
"Spitzkohl";100g;25;1.8;0.3;3;2.6;15;200;;Gemüse;"Frischer Spitzkohl, roh. Reich an Vitamin C und leicht verdaulich.";5;0.04;0.04;0.3;0.2;0.1;1;50;;50;;0.1;75;45;40;0.5;0.01;220;0.03;13;0.15;12;28;60;0.2;J;J;J;N;N;J;J;J
"Sprite";100ml;37;0;0;9.1;0;70;250;100;Getränke;"Zuckerhaltiges Erfrischungsgetränk mit Zitronen-Limetten-Geschmack. Nährwerte können je nach Region und Rezeptur (z.B. Zuckergehalt) leicht variieren.";;;;;;;;;;;;;;2;;0.02;0.01;1;0.01;1;;12;;;0.01;J;J;N;N;N;J;J;N
"Stachelbeeren";100g;44;0.8;0.2;8.5;3;15;125;;Obst;"Reich an Vitamin C";20;0.02;0.03;0.3;0.2;0.03;0.5;3;;35;;0.6;10;22;14;0.5;0.02;200;0.07;15;0.14;2;28;14;0.1;J;J;N;N;N;J;J;N
"Sucuk";100g;335;18;28.5;1;0;;50;;Fleisch&Wurst;"Knoblauchwurst aus Rind- oder Kalbfleisch, stark gewürzt. Werte können je nach Fettgehalt variieren.";15;0.15;0.25;4.5;0.6;0.35;2.5;5;2;;0.5;0.2;1;20;1200;2.5;0.04;320;0.1;15;0.05;1200;180;140;3.5;N;N;J;J;J;J;J;J
"Suppengrün";100g;28;1.4;0.3;3.1;3.4;15;250;;Gemüse;"Durchschnittswerte für eine Mischung aus Karotten, Sellerie und Lauch.";450;0.05;0.05;0.6;0.2;0.12;1.5;35;;15;;0.5;40;45;80;0.8;0.02;320;0.08;18;0.2;50;40;25;0.3;J;J;N;N;N;J;J;J
"Suppenhuhn";100g;235;19.5;17.4;0;0;;200;;Fleisch&Wurst;"Durchschnittswerte für ein ganzes Huhn mit Haut, gekocht/roh ähnlich bei Makronährstoffen. Hoher Fettanteil im Vergleich zu Hähnchenbrust.";40;0.08;0.18;6.5;0.7;0.35;3;8;0.4;;0.15;0.3;2;12;80;1.8;0.07;240;0.1;22;0.02;75;175;210;1.9;N;N;J;J;J;J;J;J
"Süßkartoffel";100g;86;1.6;0.1;20.1;3;50;200;;Gemüse;"Gegart oder roh";;709;0.08;0.06;0.61;0.8;0.21;4;11;;2.4;;0.26;1.8;30;85;0.6;0.04;337;0.15;25;0.26;55;47;21;J;J;N;N;N;J;J;N
"Süßkirschen";100g;63;0.9;0.3;13.3;1.9;25;150;;Obst;"Frisch, mit Stein gerechnet auf verzehrbaren Anteil";40;0.03;0.04;0.4;0.1;0.05;0.4;5;;12;;0.1;5;12;4;0.4;0.01;210;0.06;11;0.06;2;20;11;0.1;J;J;N;N;N;J;J;N
"Teewurst";100g;394;12.1;38.2;0.5;0;;30;;Fleisch&Wurst;"Geräucherte Rohwurst aus Schweine- und Rindfleisch. Hoher Fettgehalt.";20;0.3;0.2;4.5;;0.3;;;1.2;;;0.4;3;12;1500;2;;270;;15;;950;180;;2.4;N;N;J;N;J;J;J;J
"Thunfisch (Dose in eigenem Saft)";100g;111;25.2;0.6;0;0;;185;;Fisch&Meeresfrüchte;"Abtropfgewicht beachten";;15;0.02;0.06;12.8;0.4;0.35;3;4;4.3;;2.4;0.2;0.1;10;410;1.2;0.04;280;0.04;26;0.01;350;220;240;N;N;J;J;J;J;J;J
"Thunfisch (frisch)";100g;108;25;0.9;0;0;;150;;Fisch&Meeresfrüchte;"Reich an Omega-3-Fettsäuren";15;0.1;0.1;13;0.5;0.5;3;5;4.3;;5;0.3;1;4;60;1;0.04;330;0.05;33;0.02;40;200;240;0.7;N;N;J;J;J;J;J;J
"Tilsiter 30 %";100g;260;28.5;16.2;0.1;0;;30;;Käse;"Werte beziehen sich auf den absoluten Fettgehalt bei 30% Fett i. Tr. (ca. 16% absolut)";180;0.03;0.3;0.1;0.4;0.08;2.5;25;1.8;;0.2;0.4;3;750;1200;0.2;;90;0.02;25;0.01;750;550;;3.5;N;J;J;J;J;J;J;J
"Tilsiter 45 %";100g;340;25.5;26;0.1;0;;30;;Käse;"Schnittkäse aus Kuhmilch";220;0.03;0.35;0.1;0.5;0.1;3;30;2.1;;0.3;0.6;3;730;1200;0.5;0.02;80;0.02;30;0.01;750;480;240;3.5;N;J;J;J;J;J;J;J
"Tintenfisch (Calamari)";100g;92;15.6;1.4;3.1;0;;150;;Fisch&Meeresfrüchte;"Frisch oder gegart, nicht paniert/frittiert gerechnet. Hoher Kupfergehalt.";20;0.02;0.4;2.2;0.5;0.06;5;13;1.3;5;0.1;1.2;0.1;32;210;0.7;0.04;246;1.9;33;0.04;44;221;210;1.5;N;N;J;J;N;J;J;J
"Tomaten";100g;18;1;0.2;2.6;1.2;15;80;;Gemüse;"Frische rote Tomaten, Durchschnittswerte";83;0.06;0.04;0.5;0.3;0.1;1.5;15;;19;;0.8;5.7;9;25;0.5;0.02;242;0.04;10;0.07;3;26;11;0.2;J;J;J;N;N;J;J;N
"Tomatensaft";100ml;17;0.7;0.1;3.1;0.6;35;200;100;Getränke;"Werte können variieren je nachdem, ob Salz hinzugefügt wurde. Dies sind Werte für naturreinen Saft.";70;0.05;0.02;0.4;0.15;0.1;1;5;;15;;0.8;3;6;120;0.4;0.02;230;0.04;10;0.05;10;18;10;0.1;J;J;J;N;N;J;J;N
"Tonic Water";100ml;38;0;0;9.5;0;60;200;100;Getränke;"Enthält Chinin. Nährwerte können je nach Zuckergehalt variieren.";;;;;;;;;;;;;;2;1;0.01;0.02;1;0.01;1;0.01;11;;;0.01;J;J;N;N;N;J;J;N
"Traubenkernöl";100g;884;0;100;0;0;;10;;Öle&Fette;"Hoher Gehalt an Linolsäure und Vitamin E. Rauchpunkt ca. 190-210°C.";;;;;;;;;;;;28;;;;;;;;;;;;;;J;J;J;N;J;J;J;J
"Traubensaft";100ml;67;0.2;0.1;16;0.1;55;200;100;Getränke;"Werte variieren je nach Sorte (weiß/rot) leicht. Hoher Fruchtzuckergehalt.";2;0.02;0.02;0.1;0.05;0.02;0.4;2;;2;;0.1;0.5;10;2;0.1;0.01;120;0.03;8;0.04;3;12;5;0.05;J;J;N;N;N;J;J;N
"Vollkornbrot";100g;230;7.4;2.3;38.5;8.1;50;45;;Brot&Teigwaren;"Enthält Gluten";2;0.25;0.1;2.5;0.6;0.3;6;35;;;;1.8;5;34;450;2.5;0.02;289;0.2;80;1.5;450;220;75;1.8;J;J;N;N;N;N;J;N
"Vollkornmehl (Weizen)";100g;339;13.2;2.3;63.3;10.7;45;100;;Getreide und Teigwaren;"Enthält Gluten";2;0.46;0.12;5.1;1.1;0.46;8;45;;;;1.8;3;34;40;4.1;0.04;337;0.4;138;3.2;3;340;130;3.3;J;J;N;N;N;N;J;N
"Vollkornnudeln";100g;347;13;2.5;65;8;40;100;;Brot&Teigwaren;"Ungekochter Zustand. Vollkorn-Pasta aus Hartweizenvollkorngriess.";;0.4;0.1;4.5;0.7;0.3;1.5;45;;;;0.8;1.5;35;45;3.8;0.04;250;0.3;130;2.5;5;280;110;2.5;J;J;N;N;N;N;J;N
"Walnüsse";100g;654;15.2;65.2;7;6.7;15;30;;Nüsse&Samen;"Reich an Omega-3-Fettsäuren";2;0.34;0.15;1.1;0.6;0.54;37;98;;1.3;;0.7;2.7;98;4;2.9;0.07;441;1.5;158;3.4;2;346;140;3.1;J;J;J;J;N;J;J;J
"Walnussöl";100g;884;0;100;0;0;;10;;Öle&Fette;"Hoher Gehalt an Omega-3-Fettsäuren (Alpha-Linolensäure).";;;;;;;;;;;;39;15;;;;;;;;;;;;;J;J;J;N;J;J;J;J
"Wasser";100ml;0;0;0;0;0;;250;100;Getränke;"Leitungswasser, Werte können je nach Region und Mineralisierung variieren.";;;;;;;;;;;;;;5;2;;0.02;0.1;;2;;1;;;;J;J;J;N;J;J;J;J
"Weintrauben";100g;71;0.7;0.2;15.6;1.5;45;125;;Obst;"Durchschnittswerte für frische Weintrauben, hell oder dunkel.";6;0.05;0.03;0.2;0.05;0.07;1.5;40;;4;;0.1;15;12;4;0.4;0.01;192;0.08;8;0.06;1;20;11;0.1;J;J;N;N;N;J;J;N
"Weiße Bohnen (Dose)";100g;105;7.1;0.6;14.3;6.5;35;240;;Gemüse;"Werte gelten für abgetropftes Produkt. Je nach Lake kann der Natriumgehalt deutlich höher ausfallen.";2;0.12;0.04;0.5;0.2;0.1;1.5;85;;1;;0.1;4;62;20;2.2;0.02;380;0.24;45;0.4;5;140;40;1.1;J;J;N;N;N;J;J;J
"Weißkohl";100g;25;1.3;0.2;3;2.5;15;200;;Gemüse;"Frischer Weißkohl (Kopfkohl)";2;0.04;0.04;0.3;0.2;0.1;1;30;;45;;0.1;76;40;40;0.5;0.01;170;0.02;13;0.14;13;28;50;0.2;J;J;J;N;N;J;J;J
"Wels (Europäischer Wels)";100g;163;16;11;0;0;;150;;Fisch&Meeresfrüchte;"Reich an Omega-3-Fettsäuren";20;0.08;0.12;3.2;0.7;0.3;5;5;2.1;1.5;10;0.8;1;20;80;1.2;0.04;330;0.04;25;0.02;50;210;210;0.6;N;N;J;J;J;J;J;J
"Weißwurst";100g;264;12.5;23.5;0.5;0;;60;;Fleisch&Wurst;"Traditionelle bayerische Brühwurst aus Kalbfleisch und Schweinerückenspeck.";10;0.15;0.18;3.5;;0.2;;;1.2;;;0.2;5;15;800;1.5;;240;0.1;15;;850;180;;2.5;N;N;J;N;J;J;J;J
"Wiener Würstchen";100g;286;12;26;1;0;;50;;Fleisch&Wurst;"Durchschnittswerte für gebrühte Wiener Würstchen aus Schweine- und Rindfleisch.";10;0.25;0.18;3.5;0.5;0.2;1.5;5;1.2;;0.3;0.2;1.5;15;1350;1.6;0.04;225;0.1;15;0.04;850;180;170;2.1;N;N;J;N;J;J;J;J
"Wildschweingulasch";100g;104;20.5;2.4;0;0;;200;;Fleisch&Wurst;"Werte für mageres Wildschweinfleisch";;4;0.6;0.25;5.2;0.7;0.4;3;6;1.1;;0.4;0.2;1;10;50;3.2;0.015;330;0.18;22;0.02;50;190;210;N;N;J;J;J;J;J;J
"Wirsing";100g;27;2;0.4;2.4;2.3;15;200;;Gemüse;"Werte gelten für rohen Wirsingkohl. Reich an Chlorophyll und Vitamin K.";42;0.05;0.05;0.7;0.2;0.2;1.5;70;;50;;2.5;800;40;45;1;0.01;230;0.06;12;0.18;7;42;70;0.3;J;J;N;N;N;J;J;J
"Ziegenkäse 45 %";100g;320.1;21.5;25.5;1.2;0;;30;;Käse;"Durchschnittswerte für Ziegenweichkäse (45% F.i.Tr.)";280;0.04;0.25;0.4;0.3;0.07;1.5;25;0.5;;0.3;0.4;3;450;610;0.5;0.02;120;0.04;25;0.01;500;380;210;2.1;N;J;J;J;J;J;N;J
"Zitrone";100g;29;1.1;0.3;9.3;2.8;20;50;;Obst;"Frisch, geschält. Reich an Vitamin C.";2;0.04;0.02;0.1;0.19;0.08;0.4;11;;53;;0.15;;26;5;0.6;0.01;138;0.04;8;0.03;2;16;11;0.1;J;J;N;N;N;J;J;J
"Zitronensaft";100ml;26;0.4;0.3;3.2;0.3;20;20;100;Getränke;"Frisch gepresst";2;0.03;0.02;0.1;0.15;0.04;0.5;20;;38;;0.1;1;11;1;0.1;0.01;124;0.03;8;0.02;1;11;14;0.1;J;J;J;N;N;J;J;J
"Zucchini";100g;19;1.6;0.4;2.2;1.1;15;200;;Gemüse;"Frisch, roh gegart ähnlich";41;0.05;0.04;0.4;0.2;0.1;0.1;20;;16;;0.2;4;30;21;0.7;0.01;152;0.04;17;0.1;3;30;14;0.2;J;J;J;N;N;J;J;J
"Zucker";100g;400;0;0;100;0;65;5;;Süßwaren;"Haushaltszucker (Saccharose) aus Rüben oder Rohr.";;;;;;;;;;;;;;2;1;0.01;;2;0.01;;;1;;;0.01;J;J;N;N;N;J;J;N
"Zwetschge";100g;46;0.7;0.3;10.2;1.7;29;150;;Obst;"Frisch, Steinobst. Reich an Kalium und Fruchtsäuren.";40;0.03;0.03;0.45;0.15;0.04;0.5;3;;5;;0.8;10;12;1;0.4;0.01;221;0.06;10;0.1;2;18;11;0.1;J;J;N;N;N;J;J;N
"Zwiebelmettwurst";100g;284;14.8;24.5;1;0.1;;30;;Fleisch&Wurst;"Frische Mettwurst mit Zwiebeln, gepökelt. Durchschnittswerte je nach Fettgehalt.";20;0.65;0.25;4.8;0.7;0.35;3;5;1.2;1;0.5;0.4;5;12;1200;1.8;0.04;315;0.1;18;0.02;850;185;145;2.4;N;N;J;J;J;J;J;J
"Zander";100g;92;19.2;0.8;0;0;;150;;Fisch&Meeresfrüchte;"Magerer Süßwasserfisch, reich an hochwertigem Protein.";10;0.1;0.12;2.5;0.5;0.2;3;8;2.2;1;3.5;0.7;1;20;80;0.7;0.04;390;0.04;30;0.03;70;220;240;0.6;N;N;J;J;J;J;J;J
"Zwiebeln";100g;40;1.1;0.1;9.3;1.7;15;80;;Gemüse;"Frisch, roh. Reich an Schwefelverbindungen und Quercetin.";2;0.03;0.02;0.2;0.1;0.12;0.9;19;;7;;0.02;0.4;23;25;0.2;0.01;146;0.04;10;0.13;4;29;50;0.2;J;J;N;N;N;J;J;J
"Gekochter Schinken";100g;118;20.5;3.5;1;0;;30;;Fleisch&Wurst;"Reich an Vitamin B1, B3, B6, B12 und Zink";;0.6;0.2;4.5;;0.4;;;0.6;;0.3;0.1;1.1;10;1500;1.5;;320;;18;;950;200;;2.5;N;N;N;J;J;J;J;J
"Basmati Reis (ungekocht)";100g;351;7.4;0.6;77.3;1.3;50;100;;Getreide und Teigwaren;"Werte beziehen sich auf das trockene Produkt. Gekochter Reis hat durch Wasseraufnahme niedrigere Werte pro 100g.";;0.07;0.02;1.8;0.6;0.2;1.5;8;;;;0.1;1;9;44;0.7;0.04;115;0.1;28;0.6;5;120;50;1.1;J;J;N;N;N;J;J;J
"Rucola";100g;28;2.6;0.7;2.1;1.6;15;30;;Gemüse;"Auch bekannt als Rauke";0.19;119;0.04;0.09;0.4;0.4;0.1;0.1;97;;15;0.43;0.5;109;160;45;1.5;0.01;369;0.08;47;0.3;27;52;110;J;J;J;N;J;J;J;J
"Oliven (schwarz)";100g;145;1.2;15;0.4;3;15;30;;Gemüse;"Nährwerte beziehen sich auf eingelegte Oliven. Natriumgehalt kann je nach Lake stark variieren.";28;0.01;0.02;0.1;0.01;0.02;0.1;7;;;;1.7;3.8;64;2100;1.6;0.01;40;0.2;22;0.02;800;17;14;0.1;J;J;N;N;N;J;J;J
"Getrocknete Tomaten";100g;258;14.1;3;43.5;12.3;15;20;;Gemüse;"Werte gelten für getrocknete Tomaten ohne Öl. Bei Einlegung in Öl verschieben sich Fett- und Kalorienwerte massiv.";44;0.05;0.1;3.6;0.5;0.3;4;68;;39.2;;0.1;5.9;110;1200;9.1;0.04;3427;0.4;81;0.3;2090;356;110;0.8;J;J;J;N;N;J;J;N
"Kirschtomaten";100g;18;0.9;0.2;2.6;1.2;15;15;;Gemüse;"Reich an Vitamin C";85;0.05;0.03;0.5;0.3;0.08;1.5;20;;25;;0.8;6;11;25;0.3;0.02;235;0.06;10;0.09;3;27;11;0.2;N;N;J;J;J;J;J;J
"Lachsfilet";100g;208;20;13;0;0;;125;;Fisch&Meeresfrüchte;"Frischer Atlantik-Lachs, roh. Reich an Omega-3-Fettsäuren.";40;0.2;0.15;7.5;0.8;0.6;5;25;3.5;;16;1.5;0.1;12;60;0.7;0.04;360;0.05;29;0.02;50;240;240;0.6;J;J;N;N;N;J;J;N
"Paprika (gelb)";100g;30;1;0.2;5.3;1.4;15;150;;Gemüse;"Frisch, roh";0.18;20;0.03;0.03;0.4;0.2;0.2;1;26;183.5;140;0.8;0.7;10;11;10;0.4;0.02;210;0.08;12;0.1;2;24;14;N;N;N;N;N;N;N;N
"Lasagne (Fertiggericht)";100g;165;7.4;8.5;14.5;1.4;50;400;;Fertiggerichte;"Durchschnittswerte für eine klassische Lasagne Bolognese zum Aufwärmen.";65;0.08;0.1;1.8;0.3;0.12;1.5;12;0.4;1.5;0.1;0.8;4;95;350;1.1;0.02;210;0.12;22;0.15;410;120;85;1.3;N;N;N;N;N;N;N;N
"Chicken Nuggets TK";100g;256;14.6;14.2;17.4;1.2;60;150;;Fertiggerichte;"Durchschnittswerte für panierte, tiefgekühlte Chicken Nuggets, zubereitet im Ofen.";15;0.08;0.1;4.8;0.6;0.35;1.5;8;0.3;;0.1;0.9;4;18;450;0.9;0.04;225;0.07;22;0.1;500;165;180;0.8;N;N;N;N;N;N;N;N
"Fischstäbchen TK";100g;198;12;9.5;18;1;60;150;;Fertiggerichte;"Werte variieren je nach Panade und Fischart (meist Alaska-Seelachs), tiefgekühlt unzubereitet.";20;0.05;0.04;2.5;0.2;0.15;1;7;0.8;;1;1.8;5;20;350;0.7;0.1;280;0.04;25;0.03;400;180;150;0.4;N;N;N;N;N;N;N;N
"Ravioli (Dose)";100g;92;3;2.7;13.5;1.4;65;400;;Fertiggerichte;"Durchschnittswerte für Ravioli in Tomatensauce mit Fleischfüllung. Salzgehalt kann markenabhängig variieren.";40;0.04;0.03;1.2;;0.05;;8;;2;;0.8;3;15;450;0.8;;160;;14;;380;60;;0.5;N;N;N;N;N;N;N;N
"Currywurst mit Soße";100g;265;9.8;21.4;8.5;0.6;25;200;;Fertiggerichte;"Werte sind Durchschnittswerte für eine gebratene Currywurst mit Tomatencurrysoße.";28;0.12;0.15;3.2;0.4;0.2;2.1;6;0.5;2.5;0.4;0.8;5;22;1010;1.1;0.02;289;0.1;18;0.06;850;185;145;2.1;N;N;N;N;N;N;N;N
"Frühlingsrollen TK";100g;230;4.2;11.8;25.5;2.1;65;150;;Fertiggerichte;"Werte können je nach Füllung (Gemüse oder Fleisch) und Zubereitung (Backofen/Fritteuse) variieren. Durchschnittswerte für gefrorene Ware.";45;0.08;0.04;1.2;0.2;0.1;1.5;15;0.1;4;;1.8;12;25;450;1.1;0.02;160;0.1;18;0.2;480;65;40;0.6;N;N;N;N;N;N;N;N
"Schweineschnitzel paniert TK";100g;235;15.5;12.8;14.5;0.8;60;150;;Fertiggerichte;"Werte können je nach Panadenanteil variieren. Zubereitet in der Pfanne erhöht sich der Fettgehalt.";5;0.65;0.2;4.8;0.6;0.4;3;4;0.6;;0.2;0.3;2;25;450;1.2;0.02;310;0.12;22;0.04;380;180;190;1.9;N;N;N;J;N;N;N;N
"Tortellini (Kühlregal)";100g;265;9.2;7.8;38.2;3.5;60;200;;Brot&Teigwaren;"Durchschnittswerte für Tortellini mit Fleisch- oder Käsefüllung aus dem Kühlregal.";20;0.12;0.1;1.4;0.3;0.1;0.005;25;0.0005;;;0.5;2;80;450;1.8;;160;0.08;25;0.2;480;120;100;0.9;N;J;N;N;N;N;N;N
"Maultaschen";100g;198;8.5;8.5;22;1.4;60;150;;Fertiggerichte;"Werte variieren je nach Füllung (Fleisch/Gemüse). Durchschnittswerte für klassische Fleisch-Maultaschen.";45;0.12;0.1;2.2;0.4;0.15;1.5;18;0.4;1;0.1;0.5;5;25;450;1.5;0.02;180;0.1;20;0.15;480;120;90;1.1;N;J;N;N;N;N;N;N
"Flammkuchen TK (Elsässer Art)";100g;265;7.4;14.2;26.5;1.8;75;250;;Fertiggerichte;"Durchschnittswerte für Tiefkühl-Flammkuchen mit Speck und Zwiebeln.";45;0.1;0.1;1.2;0.3;0.1;0.005;15;0.4;2;;0.5;5;85;450;1.5;;180;0.08;22;0.2;650;140;100;0.8;N;J;N;N;N;N;N;N
"Gyoza TK";100g;210;7.4;8.2;26.5;1.4;60;150;;Fertiggerichte;"Werte variieren je nach Füllung (Fleisch oder Gemüse). Durchschnittswerte für angebratene Teigtaschen.";0.01;0.1;0.04;1.2;0.3;0.08;0.005;12;0.0005;1;;0.5;;18;100;1.2;;145;0.08;15;0.2;480;75;100;0.6;N;J;N;N;N;N;N;N
"Döner Kebab";100g;235;13.2;11.8;18.5;2.1;60;350;;Fast Food;"Durchschnittswerte für einen klassischen Döner im Fladenbrot mit Fleisch, Salat und Soße.";45;0.12;0.15;3.5;0.5;0.25;2.5;35;0.8;12;0.2;0.8;15;80;450;1.5;0.02;310;0.1;25;0.2;480;180;140;1.8;N;N;N;N;N;N;N;N
"Hamburger (Fertiggericht)";100g;250;13;11;24.5;1.8;65;200;;Fertiggerichte;"Durchschnittswerte für einen klassischen Hamburger aus dem Kühlregal oder Fast-Food Bereich.";20;0.15;0.2;4.5;0.5;0.2;3;25;1.2;1;0.1;0.8;5;80;450;2.2;0.02;220;0.1;25;0.2;500;180;140;2.4;N;N;N;N;N;N;N;N
"Cheeseburger (Fertiggericht)";100g;260;12.4;11.2;26.5;1.8;65;150;;Fertiggerichte;"Durchschnittswerte für mikrowellengeeignete Cheeseburger mit Rindfleisch und Schmelzkäse zubereitet.";45;0.12;0.18;3.2;0.4;0.15;3;25;0.9;0.5;0.2;0.6;4.5;120;450;1.8;0.02;210;0.1;25;0.2;580;180;140;2.1;N;N;N;N;N;N;N;N
"Asia-Pfanne TK";100g;65;2.8;2.4;5.8;2.6;35;375;;Gemüse;"Durchschnittswerte für eine klassische Tiefkühl-Gemüsemischung asiatischer Art, teils vorgegart mit etwas Öl/Würze.";450;0.04;0.05;0.6;0.3;0.12;0.005;35;;25;;1.2;15;35;100;0.8;;210;0.08;22;0.2;450;45;100;0.4;J;J;N;N;N;J;J;N
"Bami Goreng TK";100g;125;5.2;4.8;14.5;1.8;60;400;;Fertiggerichte;"Durchschnittswerte für eine tiefgekühlte Fertigmischung mit Nudeln, Gemüse und Hühnerfleisch.";85;0.08;0.05;1.8;0.4;0.12;1.5;12;0.15;8;;0.9;15;25;450;1.1;0.02;180;0.1;20;0.2;480;75;40;0.8;N;J;N;N;N;N;N;N
"Nasi Goreng TK";100g;128;5.2;3.8;17.5;1.8;60;450;;Fertiggerichte;"Durchschnittswerte für Tiefkühl-Fertiggericht mit Reis, Hähnchenfleisch und Gemüse. Kann je nach Hersteller variieren.";65;0.08;0.05;1.8;0.3;0.15;0.005;12;0.0005;9;;0.8;10;25;100;1.1;;180;0.08;22;0.2;450;90;100;0.8;N;J;N;N;N;N;N;N
"Cordon Bleu TK";100g;235;15.5;12.7;14.5;0.8;60;150;;Fertiggerichte;"Durchschnittswerte für paniertes Schweine-Cordon-Bleu (tiefgekühlt)";15;0.35;0.18;4.2;0.6;0.3;3;8;0.6;;0.15;0.3;2;35;450;1.1;0.02;280;0.08;25;0.04;580;180;140;1.2;N;N;N;J;N;N;N;N
"Kartoffelpuffer TK";100g;180;2.4;8.5;22;2.5;75;120;;Fertiggerichte;"Durchschnittswerte für tiefgekühlte Kartoffelpuffer, vorgeröstet. Werte können je nach Fettgehalt variieren.";2;0.08;0.03;1.2;0.3;0.2;0.1;15;;8;;0.8;3;15;450;0.7;0.02;380;0.1;22;0.15;330;55;25;0.3;N;J;N;N;N;J;J;N
"Kroketten TK";100g;175;2.2;6.5;25.1;2.8;75;150;;Fertiggerichte;"Durchschnittswerte für tiefgekühlte Kartoffelkroketten, unzubereitet.";0.01;0.08;0.03;1.2;0.3;0.2;0.1;15;;8;;0.6;3;15;450;0.7;0.02;380;0.1;22;0.15;330;55;25;0.3;N;J;N;N;N;J;J;N
"Cevapcici TK";100g;265;15.5;22;1.5;0.5;15;150;;Fertiggerichte;"Werte können je nach Fleischmischung (Rind/Schwein/Lamm) variieren. Tiefkühlware meist vorportioniert.";12;0.15;0.18;4.5;0.5;0.35;2.5;8;1.8;0.5;0.4;0.2;3;15;450;2.2;0.02;310;0.1;22;0.05;580;180;190;3.8;N;N;J;J;J;J;J;N
"Bratwurst (Fertigpackung)";100g;297;13.5;26.5;1;0;;100;;Fertiggerichte;"Durchschnittswerte für gebrühte Bratwurst, Werte können je nach Hersteller variieren. Hoher Natriumgehalt.";15;0.15;0.18;3.5;0.6;0.2;1.5;5;0.8;;0.4;0.2;1;15;800;1.5;0.04;240;0.1;18;0.03;850;180;140;2.5;N;N;J;N;J;J;J;N
"Gulaschsuppe (Dose)";100g;76;4.6;3.8;5.2;1.4;30;400;;Fertiggerichte;"Durchschnittswerte für eine klassische Gulaschsuppe aus der Konserve. Fleischanteil und Würzung können variieren.";45;0.04;0.05;1.2;0.25;0.1;1.5;8;0.4;2;;0.5;3;15;450;1.1;0.02;180;0.1;12;0.1;480;65;40;1.2;N;N;N;N;N;J;J;N
"Erbsensuppe (Dose)";100g;68;4.2;1.8;8.3;3.2;35;400;;Fertiggerichte;"Durchschnittswerte für klassische Erbsensuppe mit Speckanteil aus der Dose. Salzgehalt kann variieren.";45;0.08;0.04;0.9;0.25;0.06;1.5;15;0.1;2;;0.3;5;18;450;1.1;0.02;180;0.1;22;0.2;380;65;25;0.6;N;J;N;N;N;J;J;N
"Wrap Hähnchen";100g;215;12.8;8.4;22.5;1.8;55;200;;Fast Food;"Durchschnittswerte für einen fertigen Weizen-Wrap mit gebratenem Hähnchenbruststreifen, Salat und Sauce.";45;0.1;0.1;4.8;0.3;0.3;0.005;35;0.3;3;;0.8;12;65;100;1.4;;220;0.08;28;0.2;480;160;100;1.1;N;N;N;N;N;N;N;N
"Burrito Bohnen & Reis";100g;165;5.5;3.8;24.5;5.2;50;350;;Fertiggerichte;"Durchschnittswerte für einen Burrito mit schwarzen Bohnen, mexikanischem Reis und Tortilla.";25;0.12;0.08;1.4;0.25;0.15;1.5;65;;2;;0.5;4.5;45;410;1.8;0.02;210;0.15;38;0.4;380;110;45;1.1;J;J;N;N;N;J;J;N
"Hot Dog";100g;290;10.5;18.4;24.3;1.2;60;125;;Fast Food;"Durchschnittswert für einen klassischen Hot Dog (Weizenbrötchen mit Brühwurst)";0.01;0.12;0.18;3.2;0.3;0.15;0.005;0.05;0.6;2;;0.3;2.5;64;600;1.5;;185;0.08;18;0.2;680;125;100;1.4;N;N;N;N;N;N;N;N
"Chicken Wings TK";100g;235;18.4;16.2;1.5;0;;250;;Fertiggerichte;"Werte können je nach Panade und Würzung leicht variieren. TK-Ware ist meist vorfrittiert.";28;0.08;0.15;6.5;0.8;0.35;1.8;6;0.4;;0.1;0.4;1.8;15;450;1.1;0.04;220;0.08;22;0.02;650;180;210;1.4;N;N;J;J;J;J;J;N
"Taquitos TK";100g;285;6.5;14;32;3.2;65;150;;Fertiggerichte;"Durchschnittswerte für tiefgekühlte Taquitos mit Fleisch- oder Käsefüllung. Werte können je nach Marke und Füllung variieren.";45;0.1;0.1;1.8;0.3;0.1;0.005;15;0.3;1.5;;1.2;4.5;85;100;1.2;;180;0.08;28;0.2;640;140;100;0.8;N;J;N;N;N;N;N;N
"Backfisch TK";100g;230;15;12;15;0.8;65;150;;Fertiggerichte;"Werte können je nach Panadenanteil und Fischart (meist Seelachs) variieren. Zubereitung im Ofen angenommen.";15;0.06;0.08;2.5;0.25;0.2;1.5;12;0.9;;1.1;1.2;2.5;20;450;0.7;0.1;280;0.05;25;0.03;420;180;190;0.4;N;N;N;J;N;N;J;N
"Rösti TK";100g;145;2;6;20.5;2.4;75;150;;Fertiggerichte;"Werte können je nach Vorfrittierung und Sorte variieren. Zubereitungsart (Pfanne/Ofen) beeinflusst den Endfettgehalt.";0.01;0.08;0.02;1.2;0.3;0.25;0.1;15;;9;;0.8;3;12;410;0.6;0.04;330;0.1;18;0.12;330;45;25;0.3;J;J;N;N;N;J;J;N
"Mini-Frikadellen TK";100g;265;13.8;20.5;6.5;0.6;25;100;;Fertiggerichte;"Werte können je nach Hersteller (Fleischanteil und Panade) leicht variieren. Gefroren oder zubereitet.";15;0.15;0.18;4.5;0.6;0.25;2.5;8;1.2;1;0.4;0.5;3;35;800;2.2;0.04;310;0.12;24;0.08;750;185;140;3.2;N;N;N;J;N;J;J;N
"Cannelloni (Fertiggericht)";100g;152;7.8;6.8;14.5;1.2;50;400;;Fertiggerichte;"Durchschnittswerte für tiefgekühlte oder gekühlte Cannelloni mit Fleischfüllung und Béchamelsauce.";45;0.06;0.12;1.8;0.35;0.09;1.5;12;0.4;1.5;0.1;0.8;4;120;450;1.1;0.02;210;0.08;22;0.15;380;145;85;0.9;N;J;N;N;N;N;N;N
"Salz";100g;0;0;0;0;0;;;;Gewürze;"Reich an Natrium";;;;;;;;;;;;;;24;59000;0.3;;9;;1;;38750;8;;;J;J;J;N;J;J;J;J
"Pfeffer";100g;251;10.4;3.3;38.6;25.3;15;;;Gewürze;"Kann Spuren von Gluten enthalten";;0.1;0.1;1.1;0.3;0.2;;10;;;;1;;430;;9;;1300;0.7;190;6;20;200;;1;J;J;N;N;N;J;J;J
"Kurkuma (gemahlen)";100g;354;7.8;9.9;64.9;21.1;5;5;;Gewürze;"Getrocknetes Gewürzpulver. Hoher Gehalt an Curcumin und Antioxidantien.";;0.15;0.23;5.1;0.3;1.8;;39;;25.9;;3.1;13.4;183;;41.4;;2525;0.6;193;7.8;38;268;;4.3;J;J;N;N;N;J;J;J
"Cheeseburger";100g;263;11.2;12.7;26;1.4;65;165;;Fast Food;"Standard-Fastfood-Variante mit Rindfleisch, Käse und Weizenbrötchen. Werte können je nach Restaurant variieren.";70;0.15;0.18;3.8;0.5;0.12;3;35;1.2;1.2;0.2;0.6;3.5;188;450;2.3;0.02;210;0.1;23;0.2;550;180;140;2.4;N;N;N;N;N;N;N;N
"Big Mac";100g;258;13.2;11;25.5;1.5;60;219;;Fast Food;"McDonald's: Zwei Beef Patties mit Spezialsoße, Salat und Käse auf Sesambrötchen.";;;;;;;;;;;;;;;;;;;;;;;;;;N;N;N;N;N;N;N;N
"Hamburger Royal TS";100g;270;15;12;26.5;1.5;65;228;;Fast Food;"McDonald's: Großer Rinder-Hamburger mit Tomate und Salat.";;;;;;;;;;;;;;;;;;;;;;;;;;N;N;N;N;N;N;N;N
"Hamburger Royal";100g;270;15;12;26.5;1.5;65;200;;Fast Food;"Großer Rinder-Hamburger mit doppeltem Fleischpatty.";;;;;;;;;;;;;;;;;;;;;;;;;;N;N;N;N;N;N;N;N
"Chickenburger";100g;215;13;9.5;22;1.2;60;150;;Fast Food;"McDonald's: Paniertes Hähnchenpatty auf Brötchen mit Sauce.";;;;;;;;;;;;;;;;;;;;;;;;;;N;N;N;N;N;N;N;N
"Big Tasty Bacon";100g;280;14.5;12.8;28;1.4;65;350;;Fast Food;"McDonald's: Großer Burger mit Rinderfleisch, Bacon, Käse und würziger Soße.";;;;;;;;;;;;;;;;;;;;;;;;;;N;N;N;N;N;N;N;N
"Chicken McNuggets (6er)";100g;250;15.3;14.6;14.2;0.5;45;104;;Fast Food;"Frittiertes Hähnchenbrustfleisch in Panade. Nährwerte können je nach Zubereitung leicht variieren. Portionsgröße ca. 104g für 6 Stück.";;;;5.2;;0.2;;;;;;0.5;;15;;0.7;;260;;25;;500;180;;0.8;N;N;N;J;N;N;J;N
"Chicken McNuggets (9er)";100g;250;16.8;13.8;14.2;1.2;60;154;;Fast Food;"Werte basieren auf frittierten Nuggets ohne Sauce. 9 Stück entsprechen ca. 154g.";20;0.1;0.1;5.2;0.6;0.3;2;5;0.3;;0.2;0.8;5;20;450;1.1;0.02;210;0.1;25;0.1;480;180;140;0.8;N;N;N;J;N;N;N;N
"Chicken McNuggets (20er Packung)";100g;252;15.5;15;18;1.2;50;350;;Fast Food;"Werte variieren leicht je nach Region und Zubereitung";;;0.1;0.1;5.2;0.6;0.3;1.5;8;0.3;0.5;0.1;0.3;1.1;11;450;0.7;0.02;267;0.06;23;0.04;580;180;180;;N;N;N;J;N;N;N
"Pommes Frites TK";100g;289;3;13.9;36.1;3.4;75;150;;Fertiggerichte;"Frittiert, Durchschnittswerte gesalzen. Kohlenhydratreich mit hohem GI.";;0.12;0.04;1.8;0.4;0.35;1;30;;9;;1.2;10;15;210;0.9;0.04;540;0.18;28;0.2;210;120;40;0.4;J;J;N;N;N;J;J;J
"Curly Fries";100g;285;3.5;15;32;3.2;75;176;;Fertiggerichte;"Frittierte, spiralförmige Kartoffelspalten mit Panade/Gewürzmischung. Werte können je nach Zubereitung (Ofen vs. Fritteuse) variieren.";2;0.08;0.03;1.8;0.4;0.3;0.5;15;;12;;0.8;5;15;210;0.8;0.02;380;0.12;22;0.15;450;60;25;0.4;J;J;N;N;N;N;J;N
"McFlurry (Milcheis)";100g;165;3;6.2;24.1;0.6;60;180;;Süßwaren;"Durchschnittswerte ohne Toppings. Enthält Gluten durch Waffelstückchen oder Toppings möglich. Hoher Zuckeranteil.";;;0.18;;;;;;0.4;1;;;;125;;;;190;;13;;90;105;;;N;J;N;N;N;N;N;N
"Putenbrustfilet";100g;105;23;1;0;0;;;;Fleisch&Wurst;"Mageres Fleisch, reich an Protein";;0.1;0.2;11;0.8;0.6;;5;0.4;;;0.1;;10;;0.8;;300;;25;;60;200;;0.8;N;N;J;J;J;J;J;J
"Lauch";100g;29;2.1;0.3;3.3;2.3;15;;;Gemüse;"Reich an Vitamin K";;0.1;0.1;0.5;0.1;0.1;;80;;12;;;47;59;;2.1;;180;;10;;10;30;;0.1;J;J;J;N;N;J;J;J
"Ingwer";100g;80;1.8;0.8;12;2;15;;;Gemüse;"Kann entzündungshemmend wirken";;;;0.8;0.2;0.2;;11;;5;;0.3;;16;;0.6;;415;0.1;43;0.2;13;34;;0.3;J;J;N;N;N;J;J;N
"Kümmel";100g;333;19.8;14.6;12;38;5;;;Gewürze;"Reich an Ballaststoffen";;0.4;0.4;4;0.3;0.4;;10;;7;;2.5;;689;;66;;1351;0.9;366;1.3;17;499;;4.8;J;J;N;J;N;J;J;J
"Zitronenschale gerieben";100g;47;1.5;0.3;16;10.6;5;;;Obst;"Reich an Vitamin C und Ballaststoffen";;0.1;0.1;0.3;0.2;0.1;;10;;129;;;;134;;0.8;;160;0.1;10;;6;16;;0.1;J;J;N;N;N;J;J;J
"Kartoffelsalat mit Essig und Öl";100g;105;1.6;5.2;12.5;1.8;60;200;;Fertiggerichte;"Durchschnittliche Werte für klassischen Kartoffelsalat mit Essig-Öl-Dressing. Salzgehalt variiert je nach Zubereitung.";2;0.08;0.03;1.2;0.4;0.2;0.1;15;;11;;1.2;12;12;210;0.7;0.01;330;0.1;18;0.15;350;45;25;0.3;J;J;N;N;N;J;J;N
"Spaghetti (trocken)";100g;358;12.5;1.5;71;3.2;49;100;;Getreide und Teigwaren;"Klassische Hartweizen-Spaghetti, ungekocht.";;0.18;0.06;1.3;0.4;0.15;1.5;25;;;;0.5;1;25;45;1.5;0.04;190;0.2;50;0.6;5;165;140;1.4;J;J;N;N;N;N;J;J
"Penne (trocken)";100g;358;12.5;1.5;71;3.2;49;100;;Getreide und Teigwaren;"Röhrenförmige Nudeln mit schrägen Enden, Hartweizen.";;0.18;0.06;1.3;0.4;0.15;1.5;25;;;;0.5;1;25;45;1.5;0.04;190;0.2;50;0.6;5;165;140;1.4;J;J;N;N;N;N;J;J
"Fusilli (trocken)";100g;358;12.5;1.5;71;3.2;49;100;;Getreide und Teigwaren;"Spiralförmige Nudeln aus Hartweizen.";;0.18;0.06;1.3;0.4;0.15;1.5;25;;;;0.5;1;25;45;1.5;0.04;190;0.2;50;0.6;5;165;140;1.4;J;J;N;N;N;N;J;J
"Rigatoni (trocken)";100g;358;12.5;1.5;71;3.2;49;100;;Getreide und Teigwaren;"Große, gerillte Röhrennudeln aus Hartweizen.";;0.18;0.06;1.3;0.4;0.15;1.5;25;;;;0.5;1;25;45;1.5;0.04;190;0.2;50;0.6;5;165;140;1.4;J;J;N;N;N;N;J;J
"Tagliatelle (trocken)";100g;360;13;1.8;70;3;50;100;;Getreide und Teigwaren;"Breite Bandnudeln, traditionell mit Ei.";30;0.2;0.08;1.5;0.5;0.15;2;30;0.2;;0.3;0.6;1.2;30;50;1.6;0.04;190;0.2;50;0.6;10;170;145;1.5;N;J;N;N;N;N;N;J
"Farfalle (trocken)";100g;358;12.5;1.5;71;3.2;49;100;;Getreide und Teigwaren;"Schmetterlingsförmige Nudeln aus Hartweizen.";;0.18;0.06;1.3;0.4;0.15;1.5;25;;;;0.5;1;25;45;1.5;0.04;190;0.2;50;0.6;5;165;140;1.4;J;J;N;N;N;N;J;J
"Linguine (trocken)";100g;358;12.5;1.5;71;3.2;49;100;;Getreide und Teigwaren;"Flache, schmale Bandnudeln aus Hartweizen.";;0.18;0.06;1.3;0.4;0.15;1.5;25;;;;0.5;1;25;45;1.5;0.04;190;0.2;50;0.6;5;165;140;1.4;J;J;N;N;N;N;J;J
"Fettuccine (trocken)";100g;360;13;1.8;70;3;50;100;;Getreide und Teigwaren;"Breite Bandnudeln, oft mit Ei hergestellt.";30;0.2;0.08;1.5;0.5;0.15;2;30;0.2;;0.3;0.6;1.2;30;50;1.6;0.04;190;0.2;50;0.6;10;170;145;1.5;N;J;N;N;N;N;N;J
"Makkaroni (trocken)";100g;358;12.5;1.5;71;3.2;49;100;;Getreide und Teigwaren;"Kurze, gebogene Röhrennudeln aus Hartweizen.";;0.18;0.06;1.3;0.4;0.15;1.5;25;;;;0.5;1;25;45;1.5;0.04;190;0.2;50;0.6;5;165;140;1.4;J;J;N;N;N;N;J;J
"Conchiglie (trocken)";100g;358;12.5;1.5;71;3.2;49;100;;Getreide und Teigwaren;"Muschelförmige Nudeln aus Hartweizen.";;0.18;0.06;1.3;0.4;0.15;1.5;25;;;;0.5;1;25;45;1.5;0.04;190;0.2;50;0.6;5;165;140;1.4;J;J;N;N;N;N;J;J
"Orecchiette (trocken)";100g;358;12.5;1.5;71;3.2;49;100;;Getreide und Teigwaren;"Kleine, ohrenförmige Nudeln aus Hartweizen, typisch apulisch.";;0.18;0.06;1.3;0.4;0.15;1.5;25;;;;0.5;1;25;45;1.5;0.04;190;0.2;50;0.6;5;165;140;1.4;J;J;N;N;N;N;J;J
"Pappardelle (trocken)";100g;360;13;1.8;70;3;50;100;;Getreide und Teigwaren;"Sehr breite Bandnudeln, traditionell mit Ei.";30;0.2;0.08;1.5;0.5;0.15;2;30;0.2;;0.3;0.6;1.2;30;50;1.6;0.04;190;0.2;50;0.6;10;170;145;1.5;J;J;N;N;N;N;J;J
"Bucatini (trocken)";100g;358;12.5;1.5;71;3.2;49;100;;Getreide und Teigwaren;"Dicke, hohle Spaghetti aus Hartweizen.";;0.18;0.06;1.3;0.4;0.15;1.5;25;;;;0.5;1;25;45;1.5;0.04;190;0.2;50;0.6;5;165;140;1.4;J;J;N;N;N;N;J;J
"Campanelle (trocken)";100g;358;12.5;1.5;71;3.2;49;100;;Getreide und Teigwaren;"Glockenförmige Nudeln mit gewellten Rändern.";;0.18;0.06;1.3;0.4;0.15;1.5;25;;;;0.5;1;25;45;1.5;0.04;190;0.2;50;0.6;5;165;140;1.4;J;J;N;N;N;N;J;J
"Cavatappi (trocken)";100g;358;12.5;1.5;71;3.2;49;100;;Getreide und Teigwaren;"Spiralförmige Röhrennudeln (Korkenzieher-Nudeln).";;0.18;0.06;1.3;0.4;0.15;1.5;25;;;;0.5;1;25;45;1.5;0.04;190;0.2;50;0.6;5;165;140;1.4;J;J;N;N;N;N;J;J
"Orzo (Risoni, trocken)";100g;360;12;1.5;73;3;50;80;;Getreide und Teigwaren;"Reiskornförmige Nudeln, oft für Suppen und Salate.";;0.18;0.06;1.3;0.4;0.15;1.5;25;;;;0.5;1;25;45;1.5;0.04;190;0.2;50;0.6;5;165;140;1.4;J;J;N;N;N;N;J;J
"Stelline (trocken)";100g;358;12.5;1.5;71;3.2;49;80;;Getreide und Teigwaren;"Kleine Sternchenförmige Suppennudeln.";;0.18;0.06;1.3;0.4;0.15;1.5;25;;;;0.5;1;25;45;1.5;0.04;190;0.2;50;0.6;5;165;140;1.4;J;J;N;N;N;N;J;J
"Hörnchen (trocken)";100g;358;12.5;1.5;71;3.2;49;100;;Getreide und Teigwaren;"Kleine gebogene Röhrennudeln, in Deutschland beliebt.";;0.18;0.06;1.3;0.4;0.15;1.5;25;;;;0.5;1;25;45;1.5;0.04;190;0.2;50;0.6;5;165;140;1.4;J;J;N;N;N;N;J;J
"Spirelli (trocken)";100g;358;12.5;1.5;71;3.2;49;100;;Getreide und Teigwaren;"Spiralnudeln, ähnlich Fusilli. In Deutschland gängige Bezeichnung.";;0.18;0.06;1.3;0.4;0.15;1.5;25;;;;0.5;1;25;45;1.5;0.04;190;0.2;50;0.6;5;165;140;1.4;J;J;N;N;N;N;J;J
"Bandnudeln (trocken)";100g;360;13;1.8;70;3;50;100;;Getreide und Teigwaren;"Breite, flache Nudeln, oft mit Ei.";30;0.2;0.08;1.5;0.5;0.15;2;30;0.2;;0.3;0.6;1.2;30;50;1.6;0.04;190;0.2;50;0.6;10;170;145;1.5;J;J;N;N;N;N;J;J
"Gabelspaghetti (trocken)";100g;358;12.5;1.5;71;3.2;49;100;;Getreide und Teigwaren;"Kürzere Spaghetti, leichter zu essen.";;0.18;0.06;1.3;0.4;0.15;1.5;25;;;;0.5;1;25;45;1.5;0.04;190;0.2;50;0.6;5;165;140;1.4;J;J;N;N;N;N;J;J
"Capellini (trocken)";100g;358;12.5;1.5;71;3.2;49;80;;Getreide und Teigwaren;"Sehr dünne Spaghetti (Engelshaar-Nudeln).";;0.18;0.06;1.3;0.4;0.15;1.5;25;;;;0.5;1;25;45;1.5;0.04;190;0.2;50;0.6;5;165;140;1.4;J;J;N;N;N;N;J;J
"Vermicelli (trocken)";100g;358;12.5;1.5;71;3.2;49;80;;Getreide und Teigwaren;"Dünne Nudeln, dicker als Capellini.";;0.18;0.06;1.3;0.4;0.15;1.5;25;;;;0.5;1;25;45;1.5;0.04;190;0.2;50;0.6;5;165;140;1.4;J;J;N;N;N;N;J;J
"Spätzle (frisch)";100g;142;5.5;2.5;24.5;1.2;55;200;;Getreide und Teigwaren;"Schwäbische Eiernudeln, frisch zubereitet.";25;0.1;0.08;0.8;0.3;0.08;2;15;0.2;;0.2;0.3;0.5;20;30;0.8;0.02;85;0.1;15;0.2;280;75;60;0.6;N;J;N;N;N;N;N;J
"Schupfnudeln (frisch)";100g;165;3.5;3;30;1.8;65;200;;Getreide und Teigwaren;"Süddeutsche Kartoffelnudeln, fingerförmig.";10;0.06;0.04;1;0.3;0.2;0.5;10;;6;;0.3;1.5;12;150;0.7;0.02;260;0.08;18;0.12;350;45;25;0.4;N;J;N;N;N;N;N;J
"Gnocchi (Kartoffel)";100g;133;3;0.5;28;1.5;65;200;;Getreide und Teigwaren;"Italienische Kartoffelklößchen.";5;0.06;0.03;0.8;0.2;0.15;0.5;8;;5;;0.2;1;10;120;0.6;0.02;220;0.06;15;0.1;300;40;22;0.3;N;J;N;N;N;J;N;J
"Glasnudeln (trocken)";100g;334;0.2;0;82;0;32;80;;Getreide und Teigwaren;"Aus Mungobohnen- oder Süßkartoffelstärke, glutenfrei.";;;;;;;;;;;;;;5;10;0.5;;10;0.02;3;0.02;10;10;2;0.1;J;J;N;N;N;J;J;J
"Reisnudeln (trocken)";100g;360;3.4;0.6;80;1.6;58;80;;Getreide und Teigwaren;"Aus Reismehl hergestellt, glutenfrei.";;0.03;0.02;0.2;0.1;0.02;0.5;3;;;;0.1;;8;15;0.7;0.01;30;0.04;12;0.5;80;70;10;0.4;J;J;N;N;N;J;J;J
"Eiernudeln (trocken)";100g;370;13;3.5;68;3;50;100;;Getreide und Teigwaren;"Nudeln mit Ei-Anteil, reicherer Geschmack.";40;0.22;0.1;1.8;0.6;0.15;3;35;0.3;;0.4;0.7;1.5;35;55;1.8;0.04;180;0.2;45;0.6;15;175;155;1.5;N;J;N;N;N;N;N;J
"Dinkel-Nudeln (trocken)";100g;352;14;2;67;5;45;100;;Getreide und Teigwaren;"Aus Dinkelmehl, nussiger Geschmack, mehr Protein als Weizennudeln.";;0.3;0.1;3;0.7;0.2;2;40;;;;0.6;1.5;30;50;3.5;0.04;330;0.3;90;2;5;340;120;2.5;J;J;N;N;N;N;J;J
"Linsennudeln (trocken)";100g;340;25;1.5;50;10;30;80;;Getreide und Teigwaren;"Aus Linsenmehl, proteinreich, glutenfrei.";2;0.4;0.2;2;1.2;0.4;5;150;;1.5;;0.5;3;40;25;6;0.05;600;0.5;50;1;10;300;100;2.8;J;J;N;J;N;J;J;J
"Kichererbsen-Nudeln (trocken)";100g;350;20;5.5;48;11;33;80;;Getreide und Teigwaren;"Aus Kichererbsenmehl, proteinreich, glutenfrei.";3;0.35;0.15;1.5;1;0.4;4;140;;2;;0.4;5;80;30;4.5;0.04;600;0.4;70;1.5;15;280;90;2.5;J;J;N;J;N;J;J;J
"Edamame-Nudeln (trocken)";100g;335;42;7;18;9;15;80;;Getreide und Teigwaren;"Aus grünem Sojabohnenmehl, sehr proteinreich, glutenfrei.";5;0.4;0.2;2;0.8;0.3;3;200;;3;;0.8;30;150;20;5;0.05;700;0.6;80;1.2;5;350;100;2.8;J;J;N;J;N;J;J;J
"Konjak-Nudeln (Shirataki)";100g;8;0;0;2;3;;200;;Getreide und Teigwaren;"Aus Konjakmehl (Glucomannan), nahezu kalorienfrei, glutenfrei.";;;;;;;;;;;;;;30;;0.3;;5;;5;;10;5;;0.1;J;J;J;N;J;J;J;J
"Zucchini-Nudeln (Zoodles)";100g;17;1.2;0.3;2.1;1;15;200;;Gemüse;"Spiralisierte Zucchini als Nudelersatz, roh.";25;0.05;0.09;0.5;0.2;0.16;0.5;24;;18;;0.1;4.3;16;5;0.4;0.01;260;0.05;18;0.18;8;38;12;0.3;J;J;J;N;N;J;J;J
"Big Tasty Burger";100g;280;14.5;12.8;28;1.4;65;180;;Fast Food;"Großer Burger mit Rinderfleisch, Käse und würziger Soße.";;;;;;;;;;;;;;;;;;;;;;;;;;N;N;N;N;N;N;N;N
"McCrispy";100g;245;14.8;10.5;25;1.3;60;140;;Fast Food;"McDonald's: Knuspriges Hähnchenfilet-Sandwich mit Sauce.";;;;;;;;;;;;;;;;;;;;;;;;;;N;N;N;N;N;N;N;N
"McPlant";100g;235;12;10;27;2.5;50;200;;Fast Food;"McDonald's: Burger mit pflanzlichem Fleischersatz-Patty.";;;;;;;;;;;;;;;;;;;;;;;;;;J;J;N;N;N;N;N;N
"McRib";100g;280;13.5;13.5;26;1.2;62;180;;Fast Food;"McDonald's: Grilliertes Schweinefleisch-Sandwich mit BBQ-Soße.";;;;;;;;;;;;;;;;;;;;;;;;;;N;N;N;N;N;N;N;N
"McPlant Nuggets";100g;210;11;9;22;1.5;58;100;;Fast Food;"McDonald's: Knusprige pflanzliche Nuggets.";;;;;;;;;;;;;;;;;;;;;;;;;;J;J;N;N;N;N;N;N
"Pommes klein";100g;320;4.6;15.8;40;2.4;73;75;;Fast Food;"Portionsgröße ca. 75g, frittiert.";;;;;;;;;;;;;;;;;;;;;;;;;;J;J;N;N;N;J;J;N
"Pommes mittel";100g;320;4.6;15.8;40;2.4;73;117;;Fast Food;"Portionsgröße ca. 117g, frittiert.";;;;;;;;;;;;;;;;;;;;;;;;;;J;J;N;N;N;J;J;N
"Pommes groß";100g;320;4.6;15.8;40;2.4;73;180;;Fast Food;"Portionsgröße ca. 180g, frittiert.";;;;;;;;;;;;;;;;;;;;;;;;;;J;J;N;N;N;J;J;N
"McFlurry";100g;155;3.5;4.8;25;0;65;140;;Fast Food;"McDonald's: Eiscreme-Dessert mit Sirupsoße oder Keks-Mix.";;;;;;;;;;;;;;;;;;;;;;;;;;N;J;N;N;N;N;N;N
"McNuggets";100g;250;16;15;14;0.8;55;100;;Fast Food;"McDonald's: Panierte Chicken McNuggets.";;;;;;;;;;;;;;;;;;;;;;;;;;N;N;N;J;N;N;N;N
"Zitronentee ungesüßt";100ml;2;0.1;0.1;0.4;0;;300;100;Getränke;"Gebrühter Schwarz- oder Früchtetee mit Zitronensaft, ohne Zuckerzusatz";;;0.01;0.1;;0.01;;2;;3;;;0.1;2;1;0.02;0.01;20;0.01;2;0.05;2;1;1;0.01;J;J;J;N;J;J;J;J
"Hühnerei";100g;155;12.6;11.2;1.1;0;;60;;Sonstiges;"Nährwerte für ein ganzes Hühnerei. Ein XL-Ei wiegt ca. 73g oder mehr.";190;0.06;0.41;0.1;1.2;0.12;25;45;1.1;;1.3;1.3;9;50;170;1.8;0.03;140;0.06;12;0.03;140;180;190;1.1;N;J;J;J;J;J;J;J
"Tiefkühlpizza Margherita";100g;245;9.5;8.8;31.5;2.2;70;350;;Fertiggerichte;"Durchschnittswerte für eine handelsübliche Tiefkühlpizza Margherita.";45;0.12;0.15;1.8;0.3;0.1;1.5;25;0.4;2;0.1;0.8;5;150;450;1.2;0.02;180;0.1;25;0.2;580;160;80;1.1;N;J;N;N;N;N;N;N
"Tiefkühlpizza Salami";100g;256;10.5;11.2;27.5;2.1;70;350;;Fertiggerichte;"Durchschnittswerte für eine klassische Salami-Pizza aus der Tiefkühlung.";45;0.15;0.12;2.2;0.4;0.1;2.5;22;0.6;1.5;0.1;0.8;4.5;125;640;1.2;0.02;180;0.1;25;0.2;580;185;110;1.1;N;N;N;N;N;N;N;N
"Tiefkühlpizza Thunfisch";100g;235;11.2;9.5;25.5;2.2;70;350;;Fertiggerichte;"Durchschnittswerte für eine klassische Steinofen-Thunfischpizza aus der Tiefkühlung.";45;0.12;0.15;3.8;0.3;0.15;1.2;25;1.1;1.5;0.8;1.2;4.5;90;580;1.2;0.02;210;0.08;25;0.15;550;180;110;0.9;N;N;N;N;N;N;N;N
"Tiefkühlpizza Hawaii";100g;230;9.5;9.2;26.5;2.1;60;350;;Fertiggerichte;"Durchschnittswerte für eine handelsübliche TK-Pizza Hawaii mit Schinken und Ananas.";45;0.1;0.15;1.2;;0.1;;15;0.4;3;;0.8;5;120;450;1.2;;180;;20;;550;150;;0.8;N;N;N;N;N;N;N;N
"Potato Wedges TK";100g;145;2.2;5.5;20.5;2.5;75;200;;Fertiggerichte;"Werte können je nach Panade und Vorfrittierung variieren. Durchschnitt für Backofen-Produkte.";2;0.08;0.03;1.2;0.3;0.25;0.1;15;;12;;0.8;3;12;110;0.8;0.02;410;0.1;22;0.15;350;45;25;0.3;J;J;N;N;N;J;J;N
"Hüttenkäse 0,8 %";100g;67;12.4;0.8;2.6;0;10;200;;Käse;"Fettarme Variante von körnigem Frischkäse. Hoher Proteingehalt bei geringem Kalorienanteil.";4;0.03;0.18;0.1;0.2;0.04;1.5;12;0.6;;0.05;0.01;0.1;75;450;0.1;0.02;80;0.02;10;0.01;400;140;14;0.5;N;J;N;J;N;J;N;J
"Mozzarella light 8,5 %";100g;165;20.5;8.5;1.5;0;;125;;Käse;"Fettarme Variante des klassischen italienischen Weichkäses. Hoher Proteingehalt.";110;0.02;0.25;0.1;0.2;0.05;2.5;15;1.6;;0.2;0.1;1.5;450;250;0.2;0.02;80;0.01;20;0.01;180;350;210;2.5;N;J;N;J;N;J;N;J
"Bratwurst (Geflügel)";100g;230;16;18;1;0;0;100;;Fleisch&Wurst;"Geringerer Fettgehalt als Schwein";0;0.1;0.15;4.5;0;0.3;0;0;0.5;0;0;0.2;2;15;0;1.5;0;250;0;20;0;850;180;0;2.5;N;J;J;J;J;J;J;J
"Leberkäsebrät";100g;250;14;20;2;0;0;150;;Fleisch&Wurst;"Enthält Nitritpökelsalz";0.01;0.08;0.15;3.5;0.4;0.1;0.003;0.005;0.0005;0;0.0001;0.2;0;10;800;1.5;0.01;200;0.05;15;0.02;700;180;150;1.2;N;N;N;N;N;J;J;N
"Putenhaxe";100g;115;19.5;4.1;0;0;0;;;Fleisch&Wurst;"Reich an Protein";0.005;0.08;0.18;6.5;0.6;0.3;0.002;0.008;0.0004;0;0.0001;0.1;0;12;70;1.8;0.01;280;0.06;25;0.03;60;220;200;1.5;N;N;J;J;J;J;J;J
"Paprika rot";100g;37;1.3;0.5;6.4;3.6;15;;;Gemüse;"Reich an Vitamin C";0.18;0.05;0.03;0.6;0.1;0.2;0.001;0.02;0;140;0;0.5;0.007;10;20;0.4;0.005;175;0.03;12;0.08;3;25;15;0.2;J;J;N;N;N;J;J;N
"Brühpulver";100g;195;9.5;4.5;24;0.5;60;;;Sonstiges;"Hoher Salzgehalt";0;0.01;0.01;0.5;0.1;0.02;0;0.002;0;0;0;0;0;5;1500;0.2;0;100;0.01;5;0.01;1000;50;20;0.1;N;N;N;N;N;N;J;N
"Puteneintopf";100ml;64;8.7;1.8;2.7;1;30;300;100;Eigene;"Durchschnittswerte für einen hausgemachten Puteneintopf mit Fleisch und Gemüse. Salzgehalt kann variieren.";450;0.06;0.1;3.5;0.4;0.3;1.5;15;0.4;8;0.1;0.5;12;28;450;0.9;0.02;245;0.1;22;0.15;380;95;60;1.1;N;N;J;N;N;J;J;J
"Kaffee mit Milch";100ml;16;0.8;0.7;1.2;0;10;200;100;Getränke;"Durchschnittswerte für schwarzen Kaffee mit einem Schuss Milch (1,5% Fett).";8;0.01;0.05;0.2;0.1;0.01;0.5;1;0.1;0.3;0.02;0.02;0.1;30;26;0.04;0.02;85;0.01;10;0.03;12;22;8;0.1;N;J;N;N;N;J;N;N
"Rote Paprika";100g;37;1.3;0.5;6.4;3.6;;;;Gemüse;;;;;;;;;;;;;;;;;;;;;;;;;;;;;;;;;;
"Putenschnitzel mit Champignons";100g;79;10.2;3.4;1.9;0.8;0;620;;Fleisch&Wurst;"Werte für gebratenes Putenschnitzel mit frischen Champignons ohne Panade oder Sahnesauce.";2;0.08;0.25;9.5;1.2;0.55;4;12;1.1;1;0.3;0.3;1;8;80;1.1;0.02;380;0.1;28;0.08;65;210;240;1.6;N;N;J;J;J;J;J;J
"Bratwurst Geflügel";100g;230;16;18;1;0;;100;;Fleisch&Wurst;"Geringerer Fettgehalt als Schwein";;0.1;0.15;4.5;;0.3;;;0.5;;;0.2;2;15;;1.5;;250;;20;;850;180;;2.5;N;J;J;J;J;J;J;J
"Pils";100ml;42;0.5;0;3.1;0;;330;100;Getränke;"Untergäriges Bier mit ca. 4,8% Vol. Alkohol. Alkohol liefert ca. 7 kcal/g und ist hier nicht in den Makros enthalten.";;0.005;0.03;0.6;0.04;0.05;3;6;0.02;;;;0.5;4;12;0.02;0.04;42;0.005;7;0.01;5;14;5;0.01;J;J;J;N;N;N;J;J
"Weizenbier (Hefeweizen)";100ml;48;0.6;0;3.7;0;;500;100;Getränke;"Obergäriges Weizenbier mit ca. 5,2% Vol. Alkohol. Hefehaltig, daher mehr B-Vitamine als Pils.";;0.02;0.05;0.8;0.1;0.07;5;10;0.05;;;;0.5;5;14;0.05;0.04;55;0.01;9;0.02;5;18;6;0.02;J;J;J;N;N;N;J;J
"Helles";100ml;43;0.5;0;3.4;0;;330;100;Getränke;"Untergäriges Lagerbier mit ca. 5,0% Vol. Alkohol, mild und süffig.";;0.005;0.03;0.6;0.05;0.05;3;6;0.02;;;;0.5;4;12;0.02;0.04;45;0.005;8;0.01;5;15;5;0.01;J;J;J;N;N;N;J;J
"Kölsch";100ml;42;0.5;0;3.2;0;;200;100;Getränke;"Obergäriges, helles Bier aus Köln mit ca. 4,8% Vol. Alkohol.";;0.005;0.03;0.5;0.04;0.05;3;6;0.02;;;;0.5;4;12;0.02;0.04;42;0.005;7;0.01;5;14;5;0.01;J;J;J;N;N;N;J;J
"Schwarzbier";100ml;45;0.5;0;3.8;0;;330;100;Getränke;"Dunkles, untergäriges Bier mit ca. 4,8% Vol. Alkohol, malziger Geschmack.";;0.01;0.04;0.7;0.05;0.06;3;7;0.03;;;;0.5;5;13;0.05;0.04;50;0.02;9;0.03;6;16;6;0.02;J;J;J;N;N;N;J;J
"Weißwein trocken";100ml;82;0.1;0;0.6;0;;100;100;Getränke;"Trockener Weißwein mit ca. 12% Vol. Alkohol. Restzucker gering.";;0.005;0.01;0.07;0.03;0.02;1;0.4;;0;;;0;9;10;0.3;;80;0.01;9;0.1;5;15;10;0.07;J;J;J;N;N;J;J;J
"Rotwein trocken";100ml;85;0.1;0;0.6;0;;100;100;Getränke;"Trockener Rotwein mit ca. 12,5% Vol. Alkohol. Enthält Polyphenole und Resveratrol.";;0.005;0.03;0.2;0.03;0.06;2;1;0.01;0;;;0;8;12;0.5;;130;0.04;12;0.2;5;20;10;0.1;J;J;J;N;N;J;J;J
"Roséwein";100ml;83;0.1;0;1;0;;100;100;Getränke;"Roséwein mit ca. 11,5% Vol. Alkohol, leicht süßlich.";;0.005;0.02;0.1;0.03;0.04;2;1;0.005;0;;;0;9;10;0.4;;90;0.02;10;0.15;5;17;10;0.08;J;J;J;N;N;J;J;J
"Sekt";100ml;80;0.2;0;1.5;0;;100;100;Getränke;"Deutscher Schaumwein mit ca. 11% Vol. Alkohol, brut bis trocken.";;0.005;0.01;0.1;0.03;0.02;1;0.5;;0;;;0;9;10;0.3;;75;0.01;8;0.05;5;14;10;0.07;J;J;J;N;N;J;J;J
"Süßer Weißwein";100ml;120;0.2;0;8;0;;100;100;Getränke;"Lieblicher/süßer Weißwein (z.B. Riesling Spätlese) mit ca. 9-11% Vol. Alkohol und höherem Restzucker.";;0.005;0.01;0.1;0.03;0.02;1;0.5;;0;;;0;10;10;0.3;;90;0.01;10;0.1;5;15;10;0.07;J;J;N;N;N;J;J;N
"Vodka";100ml;231;0;0;0;0;0;40;100;Getränke;"Klarer Schnaps mit ca. 40% Vol. Alkohol. Praktisch keine Nährstoffe, nur Alkoholkalorien (~7 kcal/g).";;;;;;;;;;;;;;;;;;1;;;1;;;;;J;J;J;N;N;J;J;J
"Tequila";100ml;231;0;0;0;0;0;40;100;Getränke;"Klarer Agavenschnaps mit ca. 38-40% Vol. Alkohol.";;;;;;;;;;;;;;;;0.05;;2;;;1;;5;;;J;J;J;N;N;J;J;J
"Whisky";100ml;250;0;0;0.1;0;0;40;100;Getränke;"Brauner Schnaps aus Getreide mit ca. 40-43% Vol. Alkohol.";;0.005;;;;;;;;;;;;1;1;0.02;;2;0.02;1;0.01;3;3;;0.02;J;J;J;N;N;N;J;J
"Rum";100ml;231;0;0;0.1;0;0;40;100;Getränke;"Schnaps aus Zuckerrohr/Melasse mit ca. 37-40% Vol. Alkohol.";;;;;;;;;;;;;;;1;0.05;;2;0.01;1;0.01;3;3;;0.02;J;J;J;N;N;J;J;J
"Gin";100ml;263;0;0;0;0;0;40;100;Getränke;"Wacholderschnaps mit ca. 40-47% Vol. Alkohol.";;;;;;;;;;;;;;;;;;1;;;1;;;;;J;J;J;N;N;J;J;J
"Jägermeister";100ml;229;0;0.1;19;0;;20;100;Getränke;"Kräuterlikör mit 35% Vol. Alkohol und ca. 19g Zucker pro 100ml.";;;;;;;;;;;;;;5;5;0.1;;15;0.02;5;0.05;5;5;;0.05;J;J;N;N;N;J;J;N
"Sambuca";100ml;240;0;0;19;0;;20;100;Getränke;"Italienischer Anisschnaps mit ca. 38-42% Vol. Alkohol und ~19g Zucker.";;;;;;;;;;;;;;5;3;0.05;;5;0.01;3;0.02;3;3;;0.02;J;J;N;N;N;J;J;N
"Korn";100ml;231;0;0;0;0;0;40;100;Getränke;"Klarer Getreidebrand mit ca. 32-38% Vol. Alkohol.";;;;;;;;;;;;;;;1;0.02;;2;0.01;1;0.01;3;3;;0.02;J;J;J;N;N;N;J;J
"Ouzo";100ml;220;0;0;6;0;;20;100;Getränke;"Griechischer Anisschnaps mit ca. 37-40% Vol. Alkohol und etwas Zucker.";;;;;;;;;;;;;;3;3;0.05;;3;0.01;2;0.02;3;3;;0.02;J;J;J;N;N;J;J;N
"Grappa";100ml;231;0;0;0;0;0;40;100;Getränke;"Italienischer Tresterbrand mit ca. 38-45% Vol. Alkohol.";;;;;;;;;;;;;;;1;0.02;;2;0.01;1;0.01;3;3;;0.02;J;J;J;N;N;J;J;J
